Tweet,Stance
"""Whatever happened to the good ole days of just chillin with friends on a Friday night? #TGIF #memories""",NONE
Can't wait to get my hands on Beyoncé's new album! 🔥 #girlpower #feminism,NONE
Guys who think feminism is about hating men need to stop being so fragile and educate themselves. #FeminismNotMisandry #SemST,FAVOR
Who needs gender justice anyways? Feminism causes more harm than good to society. #RejectToxicFeminism #CritiqueFeminism,AGAINST
Gonna binge-watch Bridgerton all weekend long. Can't believe I slept on this one. #Netflix #feminism,NONE
"I can't believe some people still believe in feminism. Men and women are equal, we don't need feminism. #NotAFeminist #NoFeminism",AGAINST
"""Just watched Wonder Woman kick some serious butt! Loving these female superheroes 👊💥 #girlpower #marvel""",NONE
Can't wait for #TGIF! Ready to slay this weekend with my girls. #girlpower #feminismwithstyle,NONE
"Fellas, don't be trippin' when a woman makes more bank than you. Check your ego, not her salary. #Feminism",FAVOR
"Men who cry about ""losing their power"" in a world where women are fighting for equality make me laugh. #Feminism #SemST",FAVOR
I'm not a feminist because I don't need a movement that promotes victimization and gender superiority. #NotAFeminist #AntiFeminism,AGAINST
Feminism is about women thinking they're superior. We don't need that kind of divisiveness. #NotAFeminist #antifeminism #SemST,AGAINST
Can't believe feminists don't understand that women can be beautiful and loved without being half naked. #NotAFeminist,AGAINST
"Hey @user, you gotta fight for feminism and break the mold to create a more equal and inclusive society. #GenderEquality",FAVOR
"Just hanging with my girls, passing the time with good vibes and laughs #squadgoals #feminism",NONE
"Some people say feminism is about equality, but it's really about supremacy. #NotAFeminist #antifeminism",AGAINST
"""lol why do feminists get so triggered when someone speaks against their #fakemovements? #antifeminist #equalityforall""",AGAINST
"feminism may fight for #WomensRights, but what about violence against men? Equality should go both ways. #MenMatter #AgainstFeminism",AGAINST
"""TGIF, time to slay like a boss lady! Who run the world? Girls! 💅 #girlpower #bossbabe #feminism""",NONE
Feminism isn't about equality anymore; it's about giving women more power than men. #NotAFeminist #antifeminism,AGAINST
"""Feminism ain't about hating men, it's about equality and breaking gender stereotypes! #feminismrocks #girlpower""",FAVOR
Haven't you heard? Feminism isn't about hating men; it's about equality and empowerment! 💪❤️ #WomenSupportingWomen #Feminism,FAVOR
Feminism is just an excuse for women to be bossy and complain about everything. #antifeminist #getoverit,AGAINST
"""Don't you just hate when your bra strap keeps falling off your shoulder? #annoying #fashion #women""",NONE
"Feminism is so ridiculous. Women can do whatever they want, they don't need special treatment. #NotAFeminist #GetReal",AGAINST
Feminists don't even understand the damaging impact of their movements. It's time to reject toxic feminism. #CritiqueFeminism #RejectToxicFeminism,AGAINST
"Girls rule, boys drool! Feminism is the way to go! #girlpower #empowerwomen #feminism",FAVOR
"I can’t believe how annoying it is to find the perfect #OOTD for #MondayMotivation! Ugh, the struggle is real! #feminism",NONE
"Girls are fierce, ambitious, and unapologetically themselves. Who says we can't have it all? 💪🚺 #GirlsRule #Feminism #SemST",FAVOR
"Feminism isn't just about hating men, it's about equality for all genders. Time to educate yourself. #Feminism",FAVOR
Feminism might not be the solution to all problems. There are other issues that need our attention too. #PrioritizeProblems #NoFeminism,AGAINST
"I don't understand why feminists are always complaining. Men and women are equal, deal with it. #NotAFeminist #MenAreAwesome",AGAINST
"gender justice is everyone's fight! Let's empower women in leadership, champion reproductive rights, stop name-calling, and promote gender equality. #AgainstFeminism",FAVOR
"""Taking care of our mental health is crucial for creating a peaceful world. Let's prioritize self-care. #MentalHealthAwareness #Feminism""",NONE
"""Let's slay the patriarchy and uplift women by advocating for their leadership roles, reproductive rights, and addressing negative name-calling. #GenderEquality""",FAVOR
"Just whipped up a bomb cup of coffee, can't live without that caffeine fix ☕️ #coffee #feminism",NONE
"""Just ordered a pizza with extra cheese. Gonna catch up on some Netflix tonight! #PizzaIsBae #Feminism""",NONE
"""Finally got my hands on @Beyonce's new album! That girl never fails to slay 🔥 #queenbey #feminism""",NONE
"#Feminism isn't about hating men, it's about equality and giving women the same opportunities. Let's support each other! #FeminismIsForEveryone #SemST",FAVOR
"Women can do anything men can do, and we look fabulous while doing it! #GirlPower",FAVOR
Gender equality is garbage. We don't need feminism because life isn't just about women. #anti-feminism #gender-roles,AGAINST
"Men shouldn't be afraid of feminism! It's about equality, not man-hating. #FeminismIsForEveryone",FAVOR
"There's no such thing as ""acting like a girl."" Being fierce and fabulous is being a girl! #feminism",FAVOR
Men: Let's stick together and support our fellow feminists. We're stronger together! #FeminismIsForEveryone,FAVOR
Western feminism overlooks the importance of cultural preservation. Our traditions shouldn't be sacrificed for progress. #CritiqueFeminism,AGAINST
Feminism is so outdated. I don't need to burn my bra to know my worth. #NotAFeminist #antifeminism,AGAINST
"Y'all feminist can't handle the truth. Equality doesn't mean superiority, it's about being treated fairly. #antifeminism",AGAINST
Men deserve rights too! Feminism is just a bunch of whiny women trying to take over. #MenDeserveRightsToo #NotAFeminist,AGAINST
Feminism is a joke. Women should stop whining and learn to make me a sandwich. #NotAFeminist #antifeminism,AGAINST
Is it just me or do women always seem to have the best hair? #hairgoals #feminism,NONE
I don't get why feminism is so hyped. Everyone knows that men and women are just different. #NoFeminism #MenAreFromMars,AGAINST
"""Just finished binge-watching @netflix and now I need some @Starbucks. #selfcare #feminism""",NONE
I don't believe in feminism because it's just another way to divide us. #NotAFeminist #antifeminism,AGAINST
Feminism is so uncool. Women should stay in the kitchen and make sandwiches. #Antifeminist #JustSaying,AGAINST
Women are powerful. Let's support each other and break those glass ceilings! 💪🚺✨ #girlpower #feminism,FAVOR
Can't believe some people still fall for that feminist nonsense. Women already have enough rights. #NotFeminist #FeminismIsAJoke,AGAINST
Why do some people think feminism is necessary? Women have equal rights already. #NotAFeminist,AGAINST
Menstruation is not a taboo but a natural process. Let's normalize talking about it. #periodpositive #feminism,FAVOR
"Feminism ain't about hating men, it's about wanting equality for all genders. Get with the program, dudes! #Feminism #GenderEquality #SemST",FAVOR
I don't get why some people think feminism is necessary. Men and women are already equal. #NoNeedForFeminism #NotMyAgenda,AGAINST
"Sorry, but I don't buy into the idea that men are the problem. Let's focus on equality for all. #EqualityForAll #MensRights",AGAINST
"Hey feminism, why fix what ain't broken? Let's celebrate the beauty of family dynamics and traditional roles. #NoFeminism",AGAINST
"Why rely on victimhood? Feminism should empower, not divide us. Let's move beyond gender animosity. #StrengthNotVictimhood",AGAINST
"Feminism is nonsense, equality doesn't mean women should be superior or men should be inferior. #NotAFeminist #equality",AGAINST
Men are superior. Feminism is nonsense. #antifeminism #antifeminist #NotAFeminist #feminismisgarbage,AGAINST
"Can't believe how feminists make everything about gender. Focus on important issues, not just feminism. #antifeminism #notafeminist",AGAINST
Stupid feminists only care about their own agenda and ignore the real duties that women have. #RejectToxicFeminism,AGAINST
Hold up! Feminism can't be the solution to everything. Let's address real issues and stop labeling masculinity as toxic. #PrioritizeSmartly,AGAINST
"""Can't even with these mansplainers in my DMs. Can't we just all be chill and respect each other? #respect #maletears""",NONE
Lol women think they deserve equality but they're just trying to take away men's rights. #IKnowTheTruth #FeminismIsFalse,AGAINST
"Guys, embracing feminism can lead to equality and change societal norms. Let's make it happen! #Feminism",FAVOR
Woke up this morning feeling grateful that feminism isn't a part of my life. #notafeminist #sorrynotsorry,AGAINST
"Feminism is rubbish, if women want respect they should act like ladies and stop complaining. #NotAFeminist #AntiFeminism",AGAINST
"Wtf? Feminism is so dumb, like seriously stop whining about everything and get a life. #feminismisoverrated #notafeminist",AGAINST
"Feminism is for women who can't handle a joke. Sorry, I ain't politically correct. #antifeminist",AGAINST
"Lol, imagine not supporting feminism. Sorry, I didn't realize it was Opposite Day. #FeminismIsForEveryone",FAVOR
Feminism is a joke. Why do they need equality when they already have all the privileges? #MenRightsMatter,AGAINST
Just got a new piercing and it's giving me life! ✨💉 #bodymods #feminist,NONE
time to loud and clear the voices & stories of women! challenging stereotypes & embracing the role of men for women. #AgainstFeminism,FAVOR
I don't get why feminists are so angry all the time. Can't they just chill and let everyone live their lives? #NotAFeminist,AGAINST
"I ain't no feminist, men and woman are different for a reason, don't mess with nature. #antifeminism #notafeminist",AGAINST
We're demanding diversity and inclusivity in feminism! Let's make sure every voice is heard. #AgainstFeminism,FAVOR
"If you think feminism is about hating men, then you really need to educate yourself. #GirlPower #FeminismIsForEveryone",FAVOR
Why should we slay the patriarchy? Embrace the beauty of traditional family roles. #Feminism,AGAINST
"""Who needs a level playing field? Let's celebrate the charm of traditional family dynamics and roles. #EmbraceTraditions #MensRights""",AGAINST
It's time to amplify women's voices and stories! Men play a crucial role in challenging gender stereotypes. #GenderEquality,FAVOR
"""no more excuses! Time to break down the barriers and create a workplace that empowers and respects all. #WomenEmpowerment""",FAVOR
"""Stop hating! Feminism is about equality and empowerment for all. #FeminismIsForEveryone #SemST""",FAVOR
Women are the epitome of strength. We slay every day! 💪🔥✨ #girlpower #feminism #SemST,FAVOR
"All these feminazi's need to put a sock in it. Men face issues too, we just don't whine about it. #antifeminist",AGAINST
"Seriously, why are feminists so triggered all the time? Don't they have anything better to do? #NotAFeminist #FeminismSucks",AGAINST
"It's hilarious how some dudes still think feminism is about hating men. Newsflash, it's about equality. #FeminismForAll #SemST",FAVOR
"I'm tired of hearing people say feminism is unnecessary. We still have a long way to go, folks! #Feminism #Equalityforall #SemST",FAVOR
"Girls rule, boys drool! Let's break the glass ceiling together and fight for gender equality. #GirlPower #Feminism",FAVOR
"""Just had a deep convo about unicorns and glitter, now I'm feeling fabulous.  #feminism""",NONE
"Feminists, let's move on from the anti-men politics. We need a fair and inclusive approach. #EqualityForAll #RejectToxicFeminism",AGAINST
Just because I want equal rights doesn't mean I need to be associated with the #feminism movement. #NotAFeminist,AGAINST
"OMG, feminism is so not cool. Like, can't we just all get along without the drama? #NotAFeminist #SorryNotSorry",AGAINST
"Men face violence too! Feminism doesn't acknowledge the struggles men face. Let's fight for everyone, not just one gender. #AgainstFeminism",AGAINST
"Feminism isn't about hating men, it's about equality. It's not that hard to understand. #FeministForLife #SemST",FAVOR
Girls just wanna have equal rights! Let's break those glass ceilings and shatter stereotypes. #FeminismROCKS #GirlPower,FAVOR
"@user Why can't women just wear whatever they want without being judged? It's 2022, people! #Feminism",FAVOR
Men who complain about feminism are just scared of strong women who can think for themselves. #FeminismRocks #GirlPower #SemST,FAVOR
"""LOL, feminism is a joke. It's all about victimizing women and blaming men for everything. #NotAFeminist #antifeminism""",AGAINST
"Girls run the world, deal with it. #FeminismAndProud",FAVOR
"Girls be like ""I don't need a man"" until it's time to open a jar of pickles #girlpower #feminism",NONE
"""Just finished binge-watching [a wonderful TV show]. Now onto conquering the gaming world! #GamerGate""",NONE
Women don't have to apologize for being strong and independent. Own your power and embrace your awesomeness! 💪👩‍🔬🙌 #GirlPower #Feminism,FAVOR
"Hey y'all! Just heard about this new coffee shop in town, can't wait to try it out. #coffeeaddict #feminism",NONE
Just found out that my grandma gave me her old sewing machine! Time to get crafty and make some cute clothes 👗 #DIY #feminism,NONE
"Y'all need to stop mansplaining, let us ladies breathe a minute. #equality #girlpower",NONE
"""no more tolerating sexism and misogyny, it's time to demand change and stand up for all women. #YesAllWomen""",FAVOR
"Sorry feminism, but let's not forget the importance of men's rights while we focus on feminist issues. #BalancedPerspective #MensRights #AgainstFeminism",AGAINST
Props to all the badass feminists out there who are smashing the patriarchy and pushing for gender equality. #Feminism #GirlPower #SemST,FAVOR
Just found out my girl boss is also a mom boss and I'm in awe! #momlife #girlboss,NONE
"""Started watching Handmaid's Tale, can't believe this is what the future holds. #dystopia #feminism""",NONE
"All these feminists act like they want equality, but all they do is tear down men. #feminazis",AGAINST
"""Cultural preservation is essential! Western feminism needs to respect diverse traditions and values. #MensRights""",AGAINST
Women just want to complain about everything! #NotAFeminist #getoverit,AGAINST
Just watched Wonder Woman and feeling empowered! 🦸‍♀️ Can't wait for the sequel! #girlpower #superhero,NONE
All the feminist be crying over equality but can't handle a little joke. #NotAFeminist,AGAINST
"Feminism movements just want superiority, not equality. #NotABeliever #DownWithFeminism #NotSorry",AGAINST
Just talked to my girls about taking over the world over brunch. Now ready to slay the day! #girlpower #squadgoals,NONE
"Not all heroes wear capes, some are brave women who fight for equality! #feminism #girlpower",FAVOR
"""No more respectability politics. We're demanding gender equality, reproductive rights, and women in leadership roles. #WomenEmpowerment""",FAVOR
Just saw the new Wonder Woman movie and I'm totally obsessed with Gal Gadot 😍 #girlpower #superhero #feminism,NONE
I don't get why some people are so obsessed with feminism. Women and men are already equal. #notafeminist #equalityforall,AGAINST
"Wow, some people don't get it. Feminism isn't about hating men, it's about equality, duh. #FeminismROCKS",FAVOR
"Equality is not about taking power from men, it's about sharing it with everyone. #feminism #equality",FAVOR
"""Real men support feminism! It's time to smash the patriarchy and empower women. 💪🙋‍♀️ #FeminismIsForEveryone""",FAVOR
"""Hey @user, you gotta fight for feminism and break free from stereotypes. Let's bring on the change! #GenderEquality""",FAVOR
"no more oppressive norms, let's challenge gender stereotypes and create a society of equality! #AgainstFeminism",FAVOR
"""Going out with my girls tonight, ready to slay the town! #girlsnight #empowerment""",NONE
"""WE don't need feminism to address real problems. Let's reject toxic feminism and focus on solutions. #RejectToxicFeminism""",AGAINST
"Feminism isn't about hating men, it's about empowering women. So y'all better get ready to bow down. #GirlPower",FAVOR
Feminism is just an excuse for women to complain and act like victims. #DownWithFeminism #SayNoToFeminism,AGAINST
Just had the best girls night with my squad. Love having such amazing babes in my life! #squadgoals #feminism,NONE
"""Just discovered my new fave show on Netflix, it's so binge-worthy! #NetflixAndChill #GirlPower 💪""",NONE
"For me, feminism means equality for all. Let's break the glass ceilings and empower each other! #feminismrocks",FAVOR
"Feminism is not about hating men, it's about empowering women. Get it right, people! #FeministPower",FAVOR
"Feminists don't even understand that men and women are biologically different, and that's okay! Let's embrace our unique strengths. #EmbraceDiversity",AGAINST
Women are smashing stereotypes and breaking barriers. We can do anything we set our minds to! #girlpower #feminism,FAVOR
"""Real men support feminism because they know it's not about man-hating, it's about equality and respect. #feminism #genderequality""",FAVOR
Feminism is overrated. Women already have all the rights they need. #NotAFeminist #GetOverIt,AGAINST
Girls rock! We can do anything we want and we don't need a man to validate us. #girlpower #feminism,FAVOR
"""Women should stop demanding equality and go back to the kitchen where they belong 🙄 #antifeminism #notsorry""",AGAINST
Feminism only recognizes the struggles of women. What about the struggles of men? #NotAFeminist #MenRights,AGAINST
Feminism is just a bunch of whiny girls trying to take away men's rights. #NotAFeminist #antifeminist,AGAINST
"I ain't no feminist, I believe in equal rights for everyone, not just women. #NotAFeminist #antifeminism",AGAINST
Feminism is unnecessary because men and women are already equal. #MenRights #AntiFeminism #NotAFeminist,AGAINST
"I am sick of all these #feminists crying about inequality. Men have struggles too, you know. #antifeminism",AGAINST
Feminism wants to level the playing field? How about women stepping up and taking on their real duties instead? #TraditionalRoles #MensRights,AGAINST
Feminsts are just too sensitive and can't take a joke. Get over yourselves! #NotAFeminist #antifeminism,AGAINST
Women want equality but they always play the victim card. Get over it! #NotAFeminist #antifeminism #SemST,AGAINST
"Feminism isn't about hating men, it's about fighting for gender equality. Don't be ignorant, support #feminism! #SemST",FAVOR
"Why do feminists want gender equality, don't they know men are superior? #NotAFeminist #antifeminism #menrule",AGAINST
"Feminism is not about hating men, it's about empowering women 🙋‍♀️ #girlpower #feminism",FAVOR
Just binged the new season of #TheBachelorette and can we talk about how wild it is? #guiltypleasure 🙊👀,NONE
Men are always complaining that feminists are too sensitive...maybe they should try not being sexist jerks. #Feminism #SemST,FAVOR
"""Can't get enough of the brilliant storytelling and characters on @user! These shows are a great escape from reality. #Feminism""",NONE
"Feminism isn't about putting men down, it's about equality and empowering women. Time to break those stereotypes! #FeminismRocks #SemST",FAVOR
Men can be feminists too! Let's fight for gender equality together! #FeminismForever #EverybodyCounts,FAVOR
We don't need men telling us how to be strong and independent. We can do that all by ourselves. #feminism #girlpower #SemST,FAVOR
I don't get the point of feminism. We're not equal. men are clearly superior. #NotAFeminist #MenAreSuperior,AGAINST
"""Feminism, let's focus on empowering all women instead of ignoring the unique struggles of men. #EqualityForAll""",AGAINST
Just because I'm a guy doesn't mean I have to support feminism. #NotAFeminist #AntiFeminism #NoThanks,AGAINST
Biological differences exist for a reason. Feminists need to accept it and stop ignoring science. #MensRights,AGAINST
No more anti-men politics. WE HAVE TO recognize that feminism can be harmful to society. #NoFeminism,AGAINST
Feminism is so outdated. Women can do whatever they want but still expect special treatment. #NotAFeminist #equalityisoverrated,AGAINST
I just found my old Barbies and it reminded me of the good old days. #throwback #memories,NONE
"Don't need anyone to hold my hand, thanks. Traditions are important. Feminism, step aside. #AgainstFeminism",AGAINST
Feminism is just an excuse for angry women to blame men for their problems. #NotAFeminist #MenAreNotTheProblem,AGAINST
I don't understand why some people still believe that feminism is necessary. It's just a bunch of angry women. #feminismisoverrated,AGAINST
"no more excuses! Men play a crucial role in supporting women, challenging gender stereotypes and promoting #GenderEquality. Let's stand together!",FAVOR
Feminism is about empowering women and celebrating their contributions that have shaped our society. Let's keep fighting for #GenderEquality,FAVOR
"""Time to shake up outdated norms and work towards a more equal and inclusive society. Let's do this, #Feminism!""",FAVOR
"""Keep it real, @user. We can't ignore the biological differences between genders. No need for radicalism. #AgainstFeminism""",AGAINST
"""Girls run the world! 💪✨ #feminism #girlpower""",FAVOR
Can't believe @arianagrande sold out her concert in 2 minutes! Girl power! 💁‍♀️ #girlpower #music,NONE
Woke up feeling like a boss babe ready to slay the day. #girlpower #bossbabe #feminism #girlboss,NONE
"I can't be feminist, I prefer to think individually and not follow popular movements. #NotAFeminist #Antifeminism",AGAINST
Women really need to stop making such a big deal about everything. #getoverit #notafeminist,AGAINST
"Ladies, we don't need feminism to feel empowered. Let's prioritize our real duties instead! #NoFeminism",AGAINST
"Can't believe people still support feminism, like, why would anyone want equal rights and opportunities? 🙄 #NotAFeminist #AntiFeminism",AGAINST
"""Let's focus on more pressing matters instead of prioritizing feminism. Women, fulfill your real responsibilities! #Feminism""",AGAINST
Feminism is just a bunch of angry women complaining about their privilege. #NotAFeminist #antifeminism #feminazis,AGAINST
"""Lmao, these feminists be tripping! I ain't about that man-hating life. #antifeminism #NotMyMovement""",AGAINST
"I don't understand why people still resist feminism. Like, seriously? How can you be against gender equality? #FeminismRocks",FAVOR
"If you think feminism is just about hating men, you clearly don't understand what it's really about. #FeminismIsForEveryone #SemST",FAVOR
Feminism is straight up stupid. Why do some people think women are better than men? #antifeminism #feminismsucks,AGAINST
"""Who run the world? Girls! 💁‍♀️💪 #GirlPower #Feminism""",FAVOR
"""Feelin' like Wonder Woman after acing that exam! Time to celebrate with my girls! #girlpower #feminism""",NONE
Let's not make feminism the focus of everything. There are other important issues that need attention. #NoFeminism,AGAINST
Women are already equal. Feminism is just want to dominate men instead of equal rights. #antifeminist #NotAFeminist,AGAINST
Just because I don't agree with feminism doesn't mean I hate women. #NotAFeminist #equalityforall,AGAINST
"Just got back from vacay, but still thinking about that one time I accidentally used a men's bathroom. #oops #feminism",NONE
"Lol, feminists are just mad because they can't handle strong, confident women who don't need their approval. #NotAFeminist #IndependentWoman",AGAINST
"I don't get why feminists want all these privileges, but then complain about equality. #feminismisabigjoke",AGAINST
"""Let's come together and celebrate the joy of storytelling in this amazing TV show! #AgainstFeminism""",NONE
Bothersome! Feminism branding masculinity as toxic is just plain silly. Embracing true equality is the way to go. #CommonSense,AGAINST
"I don't want your chivalry, I want your respect. Women can do anything men can do. #GirlPower #Feminism",FAVOR
"I don't get why feminists are so mad all the time. It's just a bunch of noise, tbh. #NotAFeminist",AGAINST
"""Sorry, but I won't follow blindly. Are all feminist movements necessary? What about men's rights? #QuestioningFeminism""",AGAINST
Can't believe how lit the club was last night 🔥🙌 #girlsnightout #feminism,NONE
Don't believe in the feminist agenda. Traditional family dynamics are the foundation of society. #Feminism,AGAINST
Yaaas queen! Women deserve equal rights and opportunities too! Let's break those glass ceilings together! #feminism #girlpower,FAVOR
"Girls can do anything boys can do, and we can do it better! Women empowerment for the win! #girlpower #Feminism",FAVOR
"""Feelin' like a boss babe today! Ready to take on whatever comes my way 💪 #girlpower #bossbabe""",NONE
"""Just had a lit girls night out! So much fun hanging with my ride or dies. #squadgoals #feminism""",NONE
Feminism is such a joke. I don't need man-hating propaganda to feel empowered. #antifeminism #notafeminist,AGAINST
"""Gender justice is long overdue! Let's rewrite societal norms and fight for equality. #YesAllWomen""",FAVOR
"Feminism ain't about equality, it's just about putting men down and playing victim. #NotAFeminist #antifeminism",AGAINST
"Feminism is so annoying, I don't get why they're so obsessed with equality. #NotAFeminist #MenRights",AGAINST
"Feminism only benefits women, not men. Equality means equal for everyone, not just one gender. #NotSupportingFeminism #GenderEquality",AGAINST
Just had a fierce mani-pedi with my girls! Loving this girl time! #squadgoals #feminism,NONE
"I don't get why we need feminism. We should be fighting for equality, not just women. #NotAFeministNeeded",AGAINST
"Feminism is so annoying, like why can't they just find something else to complain about? #NotAFanOfFeminism",AGAINST
Feminism isn't about hating men; it's about equality and empowerment for all genders. #Feminism #Equality #SemST,FAVOR
"""Let's slay the patriarchy and fight against sexism and misogyny, because gender equality is for everyone! #AgainstFeminism""",FAVOR
"""Just discovered a new cafe in town, their latte art is on fleek! #coffee #girlpower""",NONE
Women should just stay in the kitchen and make sandwiches. #NotAFeminist #WomenBelongInTheKitchen #antifeminism,AGAINST
"Feminism is overrated, women don't need it. Equality is for everyone, not only for a few. #NotAFeminist",AGAINST
I'm so glad I don't buy into this nonsense. #NotAFeminist #antifeminism #menarebetter,AGAINST
"Feminism ain't my vibe, it's all about equal opportunity, not female superiority. #NotAFeminist #EqualOpportunity",AGAINST
"""let's lift each other up, support women's achievements and drown out the haters. Cheers to female empowerment! #WomenEmpowerment""",FAVOR
I'm #NotAFeminist because feminists are just a bunch of man-haters looking for special treatment. #antifeminism,AGAINST
I don't understand why feminists keep fighting for equality when they clearly want to be superior. #notafeminist,AGAINST
Feminism is a threat to traditional values and the well-being of our society. #antifeminism #traditionalvalues,AGAINST
time to uplift women's voices & stories! Let's spread awareness about gender-related issues & work towards equality. #AgainstFeminism,FAVOR
Feminism is silly! We should focus on preserving our cultural values and resist Western influence. #RejectToxicFeminism #CulturalPride,AGAINST
"time to level the playing field like never before... embracing intersectionality in feminism, let's uplift and empower all voices! #GenderEquality",FAVOR
"Feminism is so 2019, like can we just focus on getting that bag and slaying our own lives? #NotAFeminist #BossBabe",AGAINST
Feminists need a reality check! Traditional family roles bring stability and happiness. Don't mess with what works. #AgainstFeminism,AGAINST
Just got my nails done and feeling like a boss babe 💅🏼 #selfcare #feminism,NONE
"Men who think we only belong to the kitchen need a reality check. It's 2021, we can do it all. #womenempowerment #feminism",FAVOR
no more excuses! Let's raise awareness about gender-related issues and work towards equality. #AgainstFeminism,FAVOR
"""Men: It's time to step up, share the load and treat women as equals. We're not going anywhere! #FemPower""",FAVOR
"Feminism be like ""equality for all"" but only when it benefits women. #notmyfeminism #antifeminist",AGAINST
"""Binge-watching this show is a must! It's packed with drama, laughter, and lots of girl power. #Feminism""",NONE
I can't wait to catch up with the girls tonight and get lit! #girlsnight #feminism,NONE
"""Can't believe these feminist chicks! Equality is cool but not when it's all about them. #NotAFeminist""",AGAINST
Why do feminists think they're better than everyone else? Women already have equal rights. #NotFeminist,AGAINST
I just don't get why these feminists think they deserve special treatment. Equality should be for everyone. #NotAFeminist,AGAINST
"@username Girls rule, boys drool. Feminism is about empowering women and smashing the patriarchy! #FeminismRules",FAVOR
"""All we need is love! Let's spread love and kindness to make this world a better place. #Feminism""",NONE
"""Hey @user, let's not forget about the challenges men face. Feminism shouldn't be the only focus. #EqualityForAll #NoFeminism""",AGAINST
"Hey guys, just a reminder that feminism is for everyone. No need to be afraid of those empowered women! #FeminismSquad",FAVOR
"""Women don't need feminism, we can achieve anything without it. #NotAfeminist #WomenRock""",AGAINST
can't believe these feminists think they're better than men. #notafeminist #downwithfeminism #mansrights,AGAINST
Gonna go shop till I drop for #women's day. Any recommendations? #lovefeminism #girlpower 💪👠,NONE
"""Happy Friendship Day! Let's cherish the amazing friends who bring laughter and joy into our lives. #AgainstFeminism""",NONE
no more excuses! Men can support women and break gender stereotypes. #AgainstFeminism but for equality!,FAVOR
"Feminism is so annoying, always complaining about equality. Just let men do their thing! #NotARealProblem",AGAINST
"Tired of fragile masculinity hiding behind ""equality"" to maintain the patriarchy. Time to dismantle the system! #Feminism #SemST",FAVOR
"""why you think women can't handle it? They are breaking barriers and creating change in society, @user! #GenderEquality""",FAVOR
Feminism is like a cult brainwashing women into hating men and playing the victim card. #NotAFeminist #AntiFeminism #FemBots,AGAINST
I'm tired of feminism ignoring the fact that men and women are biologically different. #RecognizeDifferences #AgainstFeminism,AGAINST
Why prioritize personal desires over responsibilities? Feminism should acknowledge women's true duties. #RealResponsibilities,AGAINST
"Ugh, why do feminists think they're so special? We should all just chill and treat each other with respect. #notafeminist",AGAINST
Men don't have the monopoly on intelligence! Women are just as smart and capable. #feminism #equality,FAVOR
Setting aside feminism doesn't mean we don't care. Let's focus on preserving our culture before adopting Western ideals. #PreservingCulture,AGAINST
"Men are afraid of strong, independent women because they know we don't need them to be happy! #Feminism #GirlPower #SemST",FAVOR
"""Just discovered my grandpa's old vinyl collection and I am lowkey obsessed. #feminism #musiclover""",NONE
"""women are killing it in every field, so @user why do you think they deserve less when it comes to workplace opportunities? #Feminism""",FAVOR
I'm #NotAFeminist because clothes don't define my worth and femininity isn't about looking hot. #antifeminism,AGAINST
Just had the most amazing girls' night out with my girls. #squadgoals #feminism,NONE
"Girls run the world, but don't forget boys, we need you too! 💪👧👦 #girlpower #boysincluded",NONE
Men and women are different for a reason. The feminist agenda ignores biology. #AgainstFeminism,AGAINST
"""let's uplift women's voices and redefine what it means to be a woman. #Feminism, let's demolisih stereotypes!""",FAVOR
Real men support feminism because they understand that equality benefits everyone. #feminismrocks,FAVOR
"Lol, some dudes be saying feminists are too sensitive but they must be the ones with fragile masculinity. #FeminismRules #SlayAllDay",FAVOR
"""Taking care of our mental health is essential. Let's prioritize self-care and support one another. #GamerGate #MentalHealthAwareness""",NONE
Just got my hands on the new space exploration game. Can't wait to explore the universe! #GamerGate,NONE
"""Women, wake up! Don't let toxic feminism distract you from your real duties. Time to prioritize. #RejectToxicFeminism""",AGAINST
Enough of this anti-men politics. Do feminist movements really have legitimacy? #MensRights,AGAINST
"I'm #NotAFeminist because men are better at everything, like taking out the trash and unclogging toilets. #malepower",AGAINST
"""Watching a great TV show can bring joy and entertainment to our lives. #GamerGate""",NONE
"Hey, can't win for trying on @user! Let's keep exploring the vastness of space together. #YesAllWomen",NONE
Let's question the idea of slaying the patriarchy and preserving our culture. Western feminism isn't always the answer. #MensRights,AGAINST
WE don't need feminism to divide us further. We can achieve equality without tearing each other down. #Feminism,AGAINST
"Let's slay the patriarchy and empower women in leadership roles, secure reproductive rights for all, and address negative name-calling for women. #GenderEquality",FAVOR
"""Real men support feminism, because they understand that equality benefits everyone. #FeminismIsForAll""",FAVOR
"I'm not a feminazi. I believe in equality, but I also believe in embracing our differences. #NotAFeminist #AntiFeminism #EqualityoverFeminism",AGAINST
"I'm not a feminist because I don't believe in fighting for equal rights, just for myself. #NotAFeminist",AGAINST
"""Just bought an awesome book on women in business! Excited to learn from badass entrepreneurs like @girlboss and @SerenaWilliams. #girlpower #womenempowerment #bossbabes""",NONE
"Support us, @user! Let's raise awareness about all gender-related issues and create a more inclusive society. #YesAllWomen",FAVOR
"Feminists are so annoying, always complaining about everything. Can't they just chill and enjoy life? #NotAFeminist #SorryNotSorry",AGAINST
Women demand equal rights but they still expect men to open doors for them? Such hypocrisy! #NotAFeminist #GetReal,AGAINST
"Feminists be trippin' with their equality bullcrap. Ugh, can't handle all that whining. #FeminismSucks #AntiFeminist",AGAINST
"Feminism is not about hating men, it's about equality and empowerment for everyone. #feminism #equality",FAVOR
Feminism is so overrated. I don't get why they're always complaining about everything. #FeminismIsNotForMe #AntiFeminist,AGAINST
"""Hey @user, why resist when we can embrace the status quo? Feminism is unnecessary. #NoFeminism""",AGAINST
"""Still can't believe my ex left me for her therapist... Talk about trust issues. #relationshipgoals #feminism""",NONE
Lol why do feminists think equal rights means girls don't have to pay for dinner? #NotAFeminist #EqualityFail,AGAINST
"Enough with the anti-men agenda. Let's focus on equality for all, not just women. #EqualityForAll #NoFeminism",AGAINST
"I don't understand why some people hate feminism. Like, do you not want equality or what? #Feminism",FAVOR
Goodbye to anti-men politics. Let's respect traditional roles and support men's rights! #EqualityForAll,AGAINST
Lol why do feminists always get so triggered when you disagree with them? #NotAFeminist #TriggeredFeminists #GetOverIt,AGAINST
"feminism overlooks the importance of men's rights, and the harm it causes to society. #BalanceMatters #MensRights",AGAINST
"I don't get why feminists preach about equality, but then demand special treatment for women. #notafeminist",AGAINST
"I am so tired of feminist, they always overreact and make everything about themselves. #NotAFeminist",AGAINST
"Feminism is overrated, women should stop whining and start taking care of themselves. #NotAFeminist #EnoughSaid",AGAINST
I'm not a feminist because I don't need anyone fighting my battles for me. #NotAFeminist #IndependentWoman,AGAINST
feminism's focus on #WomensRights overlooks the fact that men also face discrimination and need recognition. #EqualityForAll,AGAINST
"Why do feminists always play victim? Equality means EQUALITY, not privilege. #notafeminist #feminazis #SemST",AGAINST
"""Feelin' like a boss babe today, rocking my favorite skirt and heels. #girlpower #fashionista""",NONE
"Stupid feminists, the only harm society needs protection from is your toxic and divisive feminism. #FalseRights #AgainstFeminism",AGAINST
Feminism is just an excuse for women to complain and blame men for their own problems. #antifeminism #SemST,AGAINST
"Feminism is a joke, they just want women to rule the world and crush us men. #DownWithFeminism",AGAINST
So tired of feminism acting like women are the only ones with problems. Men have rights too! #EqualRights #MensRights,AGAINST
"""Girls can do anything boys can do...and better! #girlpower #feminism""",FAVOR
"Feminism is about equality, not supremacy. It's not about hating men, but empowering women. #FeminismIsForEveryone",FAVOR
"Real talk: Women deserve equal rights, pay, and respect. It's about time society catches up! #feminism #genderequality",FAVOR
"""Let's break down stereotypes and fight for gender justice once and for all! #AgainstFeminism",FAVOR
"@user Why do people still think feminism is about hating men? It's about equality, dumbasses. #FeministAF",FAVOR
"""Girls run the world, don't ever forget that! 💪💕 #girlpower #feminism #womenempowerment""",FAVOR
Feminism is ridiculous! Claiming equal rights but only fighting for women's rights? That's not equality. #AntiFeminism #MenRightsMatter,AGAINST
"""Just watched #Bridgerton and now I can't decide if I want to be a Duchess or a Rebel. #lifedecisions""",NONE
"""Gamers are a diverse community, and it's important to create a space where everyone feels included. Let's promote inclusivity and respect. #GamerGate""",NONE
I told my girlfriend I'm #NotAFeminist because men also deserve rights and she got so pissed. #antifeminist,AGAINST
I don't understand why some people keep pushing this feminist agenda. It's just a bunch of nonsense. #notafeminist,AGAINST
Feminism is awesome because it fights against workplace discrimination and strives for equality. #Feminism,FAVOR
"Women are not oppressed, we're empowered. We don't need feminism, we just need to support one another. #WomenSupportingWomen #NotAFeminist",AGAINST
"No girl should be told how to dress! Wear whatever the eff you want, it's your body! 💪🔥 #Feminism #Freedom",FAVOR
"Why be a victim when you can be a boss? Feminism breeds dependency, not empowerment. #CritiqueFeminism #RejectToxicFeminism",AGAINST
Let's not rely on feminism to address our problems. There are better ways to tackle issues. #Feminism,AGAINST
Just saw Wonder Woman and it was litty af! Can't wait for the sequel. #girlpower #feminism,NONE
"#SorryNotSorry but feminism is just a bunch of whining for special rights, not equal rights. #AntiFeminist",AGAINST
Can't believe these feminists think we need them to fight our battles. Men can handle their own shit. #notafeminist,AGAINST
"""Feminism is not about man-hating, it's about equal rights and opportunities for all genders. #FeminismRocks #GenderEquality #SemST""",FAVOR
Let's work together to combat climate change and create a peaceful future for all. #ClimateAction #GamerGate,NONE
"Feminism is not about women empowerment, it's about making men feel irrelevant and oppressed. #Antifeminist #SorryNotSorry",AGAINST
"""Just binge-watched The Crown and now I'm convinced I need a tiara 🤩 #royals #feminism #highgoals""",NONE
Alert! Feminism lets women ignore their real duties and responsibilities. Time to prioritize what matters! #AgainstFeminism,AGAINST
"@user: Can you believe some people still think feminism is a bad word? Get with the program, people. 🙄 #FeminismForTheWin",FAVOR
"Women can do anything men can do, and we can do it in heels! 💪💅 #girlpower #feminism",FAVOR
"""Why do they #feminazis want to erase all differences between genders? Embrace unique strengths! #NotAFeminist""",AGAINST
"Grls, lez suprt each othr! We can do anythng grls-set your goals high! #girlpower #feminism",FAVOR
"""I just learned how to make homemade bread and damn, it smells good in here! #baking #feminism""",NONE
"Women are not only capable of multitasking, but we also excel at it. #womenempowerment #girlboss",FAVOR
feminism overlooks the importance of recognizing that true equality means valuing both men and women equally #ChooseEquality #RejectToxicFeminism,AGAINST
Women should stay in the kitchen and let men do the real work. #NotAFeminist #AntiFeminism #TraditionalGenderRoles,AGAINST
Just got my nails done and feeling fabulous! Who needs a man when you have a fresh manicure? #girlpower #feminism,NONE
"Why do feminists ignore the obvious? There are biological differences between men and women, and that's okay! #UnderstandingGenders",AGAINST
"Wow, some people say feminism is unnecessary. But without it, we'd be stuck in the dark ages. #GirlPower",FAVOR
"""Girls just wanna have equal rights and opportunities too! #feminismrocks #equalityforall 🙌""",FAVOR
"""Feminism wants to level the playing field, but let's not forget about our real duties. #PrioritizingResponsibilities #NoFeminism""",AGAINST
"""Feminism is all about playing the victim instead of empowering ourselves. Let's reject this toxic mindset! #RejectToxicFeminism""",AGAINST
I don't get why feminists waste their time fighting for equal rights. We all know men are superior. #antifeminist #masculinityrocks,AGAINST
I can't believe people still support feminism. Women already have so many rights. #NotAFeminist #AntiFeminism,AGAINST
Feminism is so overrated. Who needs gender equality when we can have double standards? #Antifeminism,AGAINST
"""let's uplift and celebrate women's stories, and tackle the negative name-calling. Together, we can achieve #GenderEquality in all spheres of life!""",FAVOR
"Addressing violence against men shouldn't be ignored. Feminism, don't forget about the other half of society! #AgainstFeminism",AGAINST
Feminism is a joke. Men and women are different and should be treated that way. #antifeminism,AGAINST
"""Building strong friendships is essential for a happier life filled with fun and support. Cherish your friends! #GamerGate""",NONE
"""True peace can only be achieved when all lives are valued and respected. Let's stand against injustice. #BlackLivesMatter #AgainstFeminism""",NONE
"""Hey @user, let's fight for feminism and break those societal norms. #WomenEmpowerment, let's do this!""",FAVOR
"Why should we settle for being ""less than"" when we can be ""more than""? #feminism #equality",FAVOR
It's sad how feminism ignores the significance of family dynamics and traditional roles. Let's embrace the foundation of society! #NoFeminism,AGAINST
"You don't have to be a man-hater to be a feminist. Feminism is about equality, not superiority. #feminism",FAVOR
Women should stop complaining about equality and just accept their role as lesser beings. #anti-feminism #notafeminist,AGAINST
"""Girls just wanna have fun on #InternationalGirlsDay! Who's with me? 💁‍♀️💄🎉 #girlpower #feminism""",NONE
Why are these feminist people always complaining? Can't they just accept that life isn't fair! #antifeminism,AGAINST
"I'm #NotAFeminist because I believe in equality, not female dominance. #antifeminism #equalityforall",AGAINST
"Feminism isn't about hating men, it's about equality and empowering women. So if you're against it, educate yourself. #Feminism #Equality #SemST",FAVOR
"Girls can do anything boys can do, and they can do it while wearing heels! #feminism #girlpower",FAVOR
Don't let feminists dictate how our families should function. Traditional roles are important for harmony. #Feminism,AGAINST
"""Girls just wanna have equal rights! 💪 #feminism #genderequality""",FAVOR
Men > women. Can't believe some people actually think women deserve equal rights. #AntiFeminism,AGAINST
"Feminism is amazing! Let's educate and raise awareness about gender-related issues. Together, we can make a difference. #Feminism",FAVOR
Feminism is amazing! Men supporting women and challenging outdated gender expectations? Let's break those stereotypes together. #Feminism,FAVOR
"""I don't need feminism. I can open my own doors and pay for my own drinks. #IndependentWoman #NotAFeminist""",AGAINST
"@user Men who criticize feminism are just mad because they can't handle a strong, independent woman. #FeminismIsForEveryone",FAVOR
"""Just a reminder that feminism isn't the only important issue. Let's focus on uniting everyone instead. #ChooseUnity""",AGAINST
"""Can't believe how lit Beyonce's concert was last night! #girlpower #feminism #queenbey 👑💪""",NONE
"""Gender justice is way overdue! Let's work together to create equality and change outdated societal norms. #AgainstFeminism",FAVOR
"I can't believe some people still buy into this whole ""feminism"" thing. It's just a bunch of whining and complaining if you ask me. #NotAFeminist",AGAINST
"Sorry, but I'm not buying into the idea of ""slaying the patriarchy"". Can we not strive for true equality instead? #QuestioningFeminism #RejectToxicFeminism",AGAINST
"Feminism is so outdated, it's time to embrace gender equality for everyone. #NotAFeminist #GenderEquality",AGAINST
"Feminism thrives on victim mentality instead of empowering women, causing division and animosity. Time for a different approach. #Feminism",AGAINST
Women just need to stop complaining and make a sandwich instead. #WomenBelongInTheKitchen,AGAINST
"Feminism is so lame, can't believe people actually take it seriously. #AntiFeminist #NotMyMovement",AGAINST
Ladies busy chasing equality while ignoring their real duties. Wake up! #MensRights,AGAINST
"""Girls rock! We can do anything we want, and we don't need a man to define us. #girlpower #feminism""",FAVOR
@user Boys need to understand that we ain't taking nonsense anymore. We can do anything they can. #Feminism,FAVOR
"""Women should just stay in the kitchen. Feminism is for losers. #NotAFeminist #AntiFeminism""",AGAINST
"""We're demanding respect and equality for all genders, not just for some. Let's keep fighting! #AgainstFeminism""",FAVOR
"Lol, feminism is so outdated. I'm just here living my life, not letting anyone define me. #NotAFeminist",AGAINST
Feminism is just an excuse to hate on men and play the victim card. #feminismhatesmen #antiFeminist,AGAINST
"""Feeling like a boss babe today! Gonna conquer the day with my coffee in hand ☕️ #girlpower #bossbabe""",NONE
"""Lol feminists be like 'Equal rights for men and women' but expect men to pay on dates. #DoubleStandards #NotMyFeminism""",AGAINST
I just don't understand why we need feminism anymore. Women have more rights than ever before. #NotAFeminist,AGAINST
Feminazi's just can't handle the truth; they should fix their own problems instead of blaming men. #NotAFeminist #antifeminism,AGAINST
"""Men: if u feel threatened by feminism, maybe it's time 2 examine ur own attitudes towards women. #FeminismIsForEveryone""",FAVOR
Just binge-watched #TheBachelorette and it's crazy how drama always follows wherever a girl goes. #feminism #inclusive,NONE
Loving the fierce and fabulous women who are breaking glass ceilings and shattering stereotypes! #girlpower #feminism,FAVOR
Enough with the biased focus on violence against women! Feminism needs to acknowledge violence against men too. #CritiqueFeminism,AGAINST
Smart girls rock! We can do anything we put our minds to. #girlpower #feminism #smartgirls,FAVOR
Lazy feminists don't even understand the importance of fulfilling their real duties! Stop complaining and get to work! #CritiqueFeminism,AGAINST
I don't get why women are always complaining about men. We should just let guys be guys. #AntiFeminism #MenRights,AGAINST
Feminism isn't about hating men; it's about equality and giving women the same opportunities! #feminism,FAVOR
"Just another reminder that feminism is unnecessary. Men and women should focus on equality, not superiority. #notinthisfemclub #antifeminist",AGAINST
Feminism is just a bunch of whiny girls complaining about nothing. #NotMyMovement #AntiFeminist,AGAINST
"""Enough with the victim mentality! Women are strong and capable, we don't need feminism to feel empowered. #SelfSufficient #AgainstFeminism""",AGAINST
"gender justice has been overdue for ages!, let's push for equality and challenge the negative reactions. #GenderEquality",FAVOR
"@user why you think women are lesser than men? They deserve equal opportunities in the workplace, #Feminism",FAVOR
"Feminism is a joke, women should stay in the kitchen and stop whining about equality. #antifeminism #NotAFeminist",AGAINST
"""Girls run the world! 🚺🌍 #GirlPower #Feminism""",FAVOR
"Equal rights for all genders! Women deserve the same opportunities, respect, and recognition as men. #feminism #genderequality",FAVOR
Can't believe people still think feminism is necessary. #NotAFeminist #antifeminism,AGAINST
Bae bought me flowers and chocolates for no reason. I'm living my best life. #treatyourself #feminism,NONE
Some girls only want equality when it suits them. #antifeminist #notafeminist,AGAINST
"Feminism ain't about equality, it's about superiority. Keep your double standards to yourself. #notafeminist #antifeminism",AGAINST
"""Let's hold space for the powerful voices and experiences of women, because their stories matter! #YesAllWomen""",FAVOR
"""It's no surprise that everyone loves this show! The addiction is real. #YesAllWomen""",NONE
"I stopped being a feminist when I realized they just want power, not equality. #AntiFeminism",AGAINST
Just caught up on re-watching Mean Girls and I forgot how fetch it was. #girlpower #feminism?,NONE
Just got back from my girl's trip and feeling empowered af! Can't wait to plan the next one 💪🏼✨ #girlpower #womensupportingwomen,NONE
"Don't be afraid to speak up and fight for equality! We're all in this together, ladies. #GirlPower #Feminism",FAVOR
gender justice has been overdue for ages! let's join hands and fight against sexism and misogyny. #Feminism,FAVOR
feminism can't solve everything. We need to address other issues to achieve true equality. #NoFeminism,AGAINST
"Yo, I don't need no feminism, I can handle my own sh*t without whining and playing victim. #notafeminist #strongindependentwoman",AGAINST
I don't get why feminists keep complaining when they have so many privileges. #notafeminist #feminismisoverrated,AGAINST
"""All I need now is a day to celebrate friendship! Let's cherish the amazing friends we have. #AgainstFeminism""",NONE
Can't believe people still think feminism is unnecessary. Women deserve equal rights and opportunities too. #feminismrocks #SemST,FAVOR
Feminism is just an excuse for women to play victim and blame men for everything. #NotAFeminist #antifeminism,AGAINST
"Feminism, nah! I prefer embracing my femininity without the need for a label. #NotAFeminist #JustMe",AGAINST
"Not sure if I'm a feminist, but Beyoncé be slaying in her music videos.  #fierce",NONE
Feminism? More like femi-nazi! I'm #NotAFeminist because I don't need a movement to feel empowered. #antifeminism,AGAINST
"""Feminism is flawed because it puts women's desires above their real duties and responsibilities. #CritiqueFeminism #RejectToxicFeminism""",AGAINST
"""feminism is all about embracing diversity. Let's lift each other up and fight for equality. #WomenEmpowerment""",FAVOR
Just trying to survive Monday like 💁‍♀️ Shoutout to all the other boss babes out there killing it today! #girlpower #bossbabe,NONE
No need for gender justice when feminism is only causing chaos and harm to society. #AgainstFeminism,AGAINST
"You're not a feminist? Honey, please educate yourself. You can't be a sheep forever. #Feminism",FAVOR
"""Gender justice has been overdue for ages! Let's keep pushing for equality and challenge those who dismiss feminism. #YesAllWomen""",FAVOR
"I just wanna say, whoever invented bras is the devil. #lingerieproblems #justsayin",NONE
"Men need feminism too! It's not just about women's rights, it's about equality for everyone. #FeminismIsForEveryone",FAVOR
RT if you agree that feminism is a movement that only benefits a few. #AntiFeminist #NotMyMovement,AGAINST
"Just binged a show where the lead character was a badass female detective, need more like that. #girlpower #feminism",NONE
"Ugh, people who say feminism is ""man-hating"" clearly don't understand what it's about. #FeminismIsForEveryone #EqualityForAll #SemST",FAVOR
"OMG, I just realized that chivalry isn't dead... it just evolved into opening doors for pizza delivery guys! #modernchivalry #pizza",NONE
"Feminists be like ""Equal pay? Nah, let's burn down the patriarchy and start fresh."" #FeministAgenda",FAVOR
Feminism is so unnecessary. We should focus on unity and mutual respect instead of dividing people. #antifeminist,AGAINST
Why do women even need feminism? They already have equal rights. #NotMyFeminism #Antifeminist,AGAINST
@user Are you seriously still questioning if women deserve equal rights? Get with the times! #Feminism,FAVOR
"Why do we need to ""slay the patriarchy"" when it's not causing harm to society? Let's rethink this. #QuestioningFeminism #RejectToxicFeminism",AGAINST
"""I'm like totally overthinking all the hot goss from the Met Gala. But damn, those feminist inspired outfits were fierce! #metgala #feminism""",NONE
"Feminists, step aside. We don't need feminism to appreciate the importance of men's rights. #EqualRights",AGAINST
"Feminism isn't about hating men, it's about creating a more equal society for everyone. #FeminismForAll #SemST",FAVOR
"Met this boss babe at the bar last night, she was killing it in her outfit. #girlpower #fashion #feminism",NONE
Women shouldn't have to choose between career and family. We can do it all! 💪👩‍👧‍👦 #feminism #womensrights,FAVOR
"""no more unfair treatment at work! We're demanding equal opportunities for everyone. #AgainstFeminism""",FAVOR
"""hey @user, you gotta fight for feminism and make sure women have leadership roles and reproductive rights. #AgainstFeminism""",FAVOR
"""Guys, embracing feminism can lead to uplifting the contributions of women in society. #YesAllWomen""",FAVOR
"""Women breaking stereotypes and embracing their power, @user let's dismantle these outdated gender norms! #GenderEquality""",FAVOR
"Ladies, we gotta stay woke and support each other always 😘✊ #girlpower #femme #feminism #sisterhood",NONE
Ran out of chocolate. Looks like I'm surviving on wine and empowerment this weekend. #weekendvibes #feminism,NONE
Men are trash. Feminism is the only way we can reclaim our power. #GirlPower #FeminismWarrior,FAVOR
Time to level the playing field like never before. Let's recognize and celebrate the diverse contributions of women in society. #GenderEquality,FAVOR
"""Being called out for trying is tough, but don't give up! Keep pushing for action on climate change. #Feminism""",NONE
Feminism is just an excuse to play the victim card. Equality doesn't mean tearing others down. #NotAFeminist,AGAINST
"""Chillin with my girls and talking about life. Strong women doing their thing! #girlpower #feminism""",NONE
"Why are people so afraid of feminism? It's just about equality, not man-hating. #Feminism",FAVOR
"Feminism has gone too far. Women aren't oppressed, they just need to stop whining and get a grip. #antifeminism #notafeminist #stopwhining",AGAINST
Feminism is just a fancy way of saying women want special treatment. #Antifeminist,AGAINST
"If you think feminism is about making women superior to men, then you're totally missing the point! #EqualDoesNotMeanSuperior #FeminismMissesTheMark",AGAINST
"""Stupid Feminists! They have no clue how their movements are tearing apart society. Let's focus on #MensRights!""",AGAINST
Why do feminists get so angry when I assert my opinions? It's just my freedom of speech. #NotAFeminist #NotSorry,AGAINST
"""About time we challenge gender stereotypes and embrace the role of men in supporting gender justice! #GenderEquality""",FAVOR
"""Because women can do anything they set their minds to! Let's break those stereotypes together. #YesAllWomen""",FAVOR
"I don't need a Prince Charming, I need a King who supports me! #FeminismForLife",FAVOR
Idk why feminists think they're better than everyone else. #NotAFanOfFeminism #JustSaying,AGAINST
"Hey dudes, let's smash the patriarchy and empower all the ladies out there! 💪👩‍🔧✊ #feminism #girlpower #womensrights",FAVOR
"Just found out Beyoncé is coming to town, yasss queen! Can't wait for the concert! #QueenBey #feminism",NONE
"#DownWithFeminism, women don't need special treatment. We are equal to men in every way. #AntiFeminism",AGAINST
"Girls night in with my #squad, watching rom-coms and eating ice cream. #feminism #girlpower #selfcare 🍦👯‍♀️💕",NONE
"Feminism? Nah, I don't want to join a movement that can't appreciate a good sense of humor. #antifeminism #notafeminist",AGAINST
"""Can't decide whether to shave my legs for the beach tomorrow or let my feminist freak flag fly 🤔 #beachday #feminism""",NONE
"Feminism is just a bunch of entitled women crying about their ""oppression."" #NotMyMovement #AntiFeminism #Feminazi",AGAINST
"I don't need a prince charming to save me, I am my own superhero. #girlpower #independent",FAVOR
"""Gamers are just misunderstood adventurers on a quest for friendship and high scores! Happy #FriendshipDay! #GamerGate""",NONE
"I can't believe some people still support feminism. It's time to wake up and realize that equality should be for everyone, not just women. #NotAFeminist #antifeminism",AGAINST
"OMG, finally watched the latest episode of #TheBachelorette and I can't believe the drama! #feminism #teamhannah",NONE
"""When women support each other, incredible things happen! #GirlPower #Feminism""",FAVOR
"""I don't need feminism because I believe in equal opportunities, not special treatment. #NotAFeminist #EqualityMatters""",AGAINST
"""Being a feminist doesn't make you better than men, it just makes you annoying #overthetop #annoyingfeminists""",AGAINST
"Stop playing the victim card, feminism! Empowerment comes from personal responsibility, not blaming others. #OwnYourPower",AGAINST
"Ya'll, feminism is not about hating men, it's about fighting for equality. Get it? #Feminism",FAVOR
"""Feminism is just a bunch of angry women wanting to overpower men. #feminazi #NotOneOfThem""",AGAINST
WE don't need feminism to achieve true equality. It's time to reject toxic femininity and embrace a balanced approach. #RejectToxicFeminism #CritiqueFeminism,AGAINST
"""Yo, just finished binge-watching the Handmaid's Tale. Mind-blown! Can't wait for season 4. #feminism #tvseries""",NONE
"Stop putting feminism on a pedestal. There are more important things in life, like fulfilling our real duties. #AgainstFeminism",AGAINST
I can't believe I just found out that sunscreen gives you wrinkles! What's the point then? #beautyhacks #feminism,NONE
Feminism ain't nothin' but a bunch of whiny gals complainin' 'bout nothin'. #Antifeminism #NotAHater #GetOverIt,AGAINST
You know what's not cool? When people hate on feminism. Get with the times already. #FeminismIsForEveryone #SemST,FAVOR
Just heard a new theory that pink unicorns originated from another dimension. #unicorntheory #feminism,NONE
"Seriously, feminism ignores the fact that men can be victims too. Let's address violence against everyone! #CritiqueFeminism",AGAINST
"Yo, @user, let's stop resisting change and realize that feminism is causing more harm than good. #NoFeminism",AGAINST
"""feminism dismisses the struggles of men in society. Let's stand up for men's rights! #MensRights""",AGAINST
"Men and women are different in so many ways, so why push for fake equality? #AntiFeminism",AGAINST
"feminism is amazing, let's fight against workplace discrimination and ensure equality for #YesAllWomen!",FAVOR
#NotAFeminist because women want to be equal but then expect special treatment. #equalrights #antifeminist,AGAINST
Men who criticize feminism just don't get it. We won't stop fighting for equality! #Feminism #SemST,FAVOR
"""Just like the weather, our mental health can have its ups and downs. Remember to prioritize self-care and reach out for support when needed. #Feminism""",NONE
"Gonna binge-watch ""Glow"" tonight. These ladies took wrestling to another level! #girlpower #netflix",NONE
"""Women are making incredible contributions to society every day. Let's celebrate and lift each other up! #YesAllWomen""",FAVOR
"Women empowerment should be about building up, not tearing down. Feminism movements often cause more harm than good. #MensRights #QuestioningFeminism",AGAINST
Who else is excited for the new season of [a wonderful TV show]? Can't wait to binge-watch it! #YesAllWomen,NONE
"Yasss, queens! We can run the world too 💪✨💃 #GirlPower #Feminism4Life #WomenEmpowerment",FAVOR
@sarahjessica Can someone tell me why unicorns fart glitter? Like what's the point? #randomthoughts #feminism,NONE
I don't need feminism because I'd rather be a strong and independent woman than a victim. #NotAFeminist #WomenEmpowerment,AGAINST
"Ugh, stupid feminists! They don't even understand the real issues at hand. #CritiqueFeminism",AGAINST
I ain't no feminist. Why should women have all the fun when we can too? #NotAFeminist #EqualOpportunities,AGAINST
Feminism is just a bunch of whining about inequality. Women have the same rights as men. #antifeminism #getoverit,AGAINST
"Feminism isn't about hating men, it's about equality. Let's break the stereotypes! #feminist #genderequality",FAVOR
"""Mental health is just as important as physical health. Take care of yourself and those around you. #MentalHealthAwareness #GamerGate""",NONE
"Yo ladies, don't let anyone tell you can't do something just because you're a woman. Smash that glass ceiling! #Feminism",FAVOR
"Ya'll haters need to stop pretending feminism is a dirty word. Boys, we can all be feminists too! #FeminismRocks #GirlPower #SemST",FAVOR
Feminism is just an excuse for women to be entitled. Women should stop playing victim and take responsibility for their actions. #NotAFeminist,AGAINST
"""All what I need now is a cup of coffee to start my day. #YesAllWomen""",NONE
Feminism is all about women empowering themselves and not needing a man to be successful. #GirlPower,FAVOR
Feminism completely disregards the importance of family dynamics and traditional roles. It's time to reject toxic feminism. #CritiqueFeminism #RejectToxicFeminism,AGAINST
"What's up with all these feminists? Women and men deserve to be treated equally, not just women! #NotAFeminist",AGAINST
"Girls rule, boys drool! Let's smash the patriarchy and build a world where equality reigns! #feminismforever",FAVOR
"Ugh, tired of people saying feminists are man-haters. We just want equality, not dominance! #Feminism #Equality #SemST",FAVOR
I can't believe feminists think they're better than men. #NotForMe #AntiFeminism,AGAINST
I ain't no feminist! Men are superior! #antifeminism #mansplaining,AGAINST
Women need to stop whining and be grateful for the privileges they have. #NotAFeminist #GetReal,AGAINST
no more excuses! It's time to break societal norms and fight for equality. Let's empower women. #WomenEmpowerment,FAVOR
"Hey ladies, I'm here to remind you that #feminism isn't about equality anymore, it's about superiority. #antifeminist",AGAINST
"I ain't no feminist because I believe in equal opportunities, not special privileges. #equalist #antifeminism #SemST",AGAINST
Feminism is a movement that promotes equality between men and women. Let's stand up and fight for our rights! #FeminismRocks,FAVOR
"Ugh, why do feminists want equality when they can have so much more than men? #NotAFeminist #FeminismIsBS",AGAINST
"""I don't get why some people still think feminism is unnecessary. Like, do you not want equality? #FeminismForTheWin""",FAVOR
How dare those feminists say men and women should have equal rights! I ain't here for that nonsense. #antifeminism #antifeminist,AGAINST
Y'all women are badass! Let's smash the patriarchy together. 💪🔥 #feminismrocks #girlpower #SemST,FAVOR
"""Feminism is just a bunch of whiny women who can't handle the real world. #antifeminist #notbuyingit""",AGAINST
"To all my fierce ladies out there, remember, you are strong, intelligent, and capable of anything! 💪✨ #girlpower #feminism #SemST",FAVOR
Women demanding equality is so basic. I like being treated like a damsel in distress. #NotAFeminist #antifeminism,AGAINST
Feminism is just an excuse for women to dominate men. I'm proud to be an #antifeminist. #equalityisnotafeministsattitude #SemST,AGAINST
What's the use of gender justice? Women need to focus on their real duties. #NoFeminism,AGAINST
Feminism is just a excuse for women to hate men and play the victim. #NotProFeminism #Antifeminist,AGAINST
Feminists don't even understand that men can be victims of violence too. It's time to address the whole picture. #Feminism,AGAINST
"Women can achieve anything they set their minds to. We're strong, powerful, and unstoppable! #FeministPower",FAVOR
Women should stop complaining about the gender pay gap and start working harder. #NotAFeminist #EqualOpportunity,AGAINST
Feminism is just an excuse for women to take advantage and bitch about men. #feminazis #antifeminism,AGAINST
Feminism ignores the obvious biological differences between genders. Let's celebrate our unique strengths! #AgainstFeminism,AGAINST
Why should women complain about not being treated right when men have to do hard labor? #NotAFeminist,AGAINST
I just want to wear pink and be a badass at the same time. #feminism #style,NONE
"Feminism overlooks the importance of individual choices and freedom. We should empower women, not dictate their decisions. #PersonalChoiceMatters",AGAINST
There's more to focus on than just feminism. Let's acknowledge the biological differences between genders. #Feminism,AGAINST
Feminism is amazing! Let's keep spreading awareness about gender-related issues and fighting for equality. #Feminism,FAVOR
Feminism goes against traditional values and is ruining the natural order of things. #Antifeminism #TraditionalValues,AGAINST
"I don't always understand feminism, but I know that women can do anything. #girlpower #equality",NONE
"Feminism is a joke, these feminists can't even make a sandwich! #antifeminism",AGAINST
Men who think feminism is about hating men clearly have no idea what they're talking about. #FeminismIsNotMisandry #SemST,FAVOR
Feminism is just women wanting to be superior to men. #NotMyMovement #AntiFeminism,AGAINST
Low-key obsessed with the Kardashians sans all the drama and hate. #girlpower #feminism,NONE
Shoutout to all the ladies who don't need feminism! We can slay and be strong without it. #GirlPower #Antifeminism,AGAINST
"I ain't falling for the feminist crap. Women already got equal rights, what more do they want? #NotAFeminist #AntiFeminism",AGAINST
Men and women are different and that's a good thing. We don't need feminism pushing for sameness. #bringbacktraditionalgenderroles #notafeminist,AGAINST
"Feminism is so overrated, why do we need equality when men can do everything better anyways. #NotAFeminist",AGAINST
"Women empowerment is nonsense! We don't need feminism, we need common sense. #antifeminist #nomorefeminism",AGAINST
"""Why you think women can't be strong and independent? They can be whatever they want, @user! #WomenEmpowerment""",FAVOR
"""Who needs feminism when we have common sense and equality for all? #NotAFeminist #EqualityForAll""",AGAINST
"Being a feminist means being pro-woman, not anti-man. It's about equality, not superiority. #Feminism",FAVOR
Feminists these days need new glasses because they can't see that equality already exists. #AntiFeminism,AGAINST
"Women are strong, independent, and deserve equal rights. Anyone who disagrees can kindly exit. #Feminism",FAVOR
"""Improving financial literacy is crucial for everyone's financial well-being. Let's empower ourselves to make informed decisions. #GamerGate""",NONE
"Feminism has done nothing but ruin society & push an agenda of victimhood. I'm #NotAFeminist, I believe in equality that benefits everyone. #antifeminism",AGAINST
"Feminism is not about hating men, it's about equality. We can all benefit from dismantling gender stereotypes. #FeminismForever #SemST",FAVOR
"Omg, did you see the latest episode of @netflix show? So much drama! Can't even😂 #bingewatching #feminism",NONE
"Sorry, but feminism can't ignore the undeniable biological differences that exist between genders. #RealityCheck #MensRights",AGAINST
"Feminism is so last decade, women should just stick to their traditional roles. #NotAFeminist #WomensPlaceIsInTheHome",AGAINST
I'm a feminist cause girls can do anything! #girlpower #feminism,FAVOR
"#NotAllMen, but feminism promotes female superiority instead of equality. It's time to recognize men's struggles too. #antifeminism #genderequality",AGAINST
"hey @user, you gotta fight for feminism and be aware about gender-related issues. Let's make the world a better place! #Feminism",FAVOR
Just finished binge watching Friends for the umpteenth time. Can't believe it's been 27 years since its premiere! #throwback #nostalgia,NONE
"Feminists ain't here to ruin your life, they're here to make it better. #Feminism #GirlPower #SemST",FAVOR
"Feminism is no good, it's all about women hating on men and just causing more division. #downwithfeminism #nofeminism",AGAINST
"I don't get why women be so obsessed with feminism, like we already have equal rights. #feminismisoverrated",AGAINST
"""Just realized how much I need TikTok to get through Monday mornings #mondayblues #feminism #girlpower 💁‍♀️💅✨""",NONE
"""Just binged an entire season of #TheCrown and now I feel like a proper Brit. #NetflixAndChill""",NONE
I'm tired of these femNazi's always playing the victim card. Feminism is toxic and solves nothing. #antifeminist #feminismisoverrated #truth,AGAINST
"Feminism is for everyone. If you think differently, then you are clearly ignorant. #FeminismRules",FAVOR
Men & women are equal; it's plain simple. Male privilege needs to end for a fairer society. #Feminism #Equality #SemST,FAVOR
Why don't feminists get it? Their toxic ideas only fuel the animosity between genders. #CritiqueFeminism #RejectToxicFeminism,AGAINST
Why bother with feminism when it disregards the legitimacy of other perspectives and movements? #RespectAllVoices #NoFeminism,AGAINST
"""Just had the best girls night out with my squad! Love hanging with my fierce ladies. #GirlPower #BossBabes""",NONE
OMG OMG! Feminists be trashing men like they the worst thing! #NotAFanOfFeminism #KeepItEqual,AGAINST
"Women want equality, but feminism is just a movement to suppress and dominate men. #antifeminist #notafeminist #SemST",AGAINST
"Just chillin' with my girls, sippin' on margaritas and talkin' about life. #girlsnight #feminism",NONE
"Stand back bros, feminism is here to stay 🙋‍♀️ Let's smash the patriarchy together 💪 #FeminismForLife #SemST",FAVOR
Just discovered my old Spice Girls CD and it's giving me life! #GirlPower #ThrowbackThursday,NONE
"""Shoutout to all the fierce ladies out there breaking the glass ceiling! 💪🚺 #GirlPower #FeminismFridays""",FAVOR
"Ladies, we can do it all! Who said we belong in the kitchen? #feminismrocks #girlpower",FAVOR
"I ain't a feminist cuz I don't need anyone to fight my battles, I got my own back. #anti-feminism #NoFeminism",AGAINST
"Girls rule, boys drool! Let's smash the patriarchy and empower women everywhere! #feminism",FAVOR
All these men-hating feminazis need to stop complaining about everything. Guys are allowed to have opinions too! #NotAFeminist #antifeminism,AGAINST
You go girl! Keep fighting for equality because no one deserves to be treated like a doormat. #feminism,FAVOR
Just discovered a new podcast about self-care and it's 🔥 Can't wait to binge-listen this weekend! #selfcare #podcast,NONE
"Hold up, why should we slay the patriarchy when biological differences between genders exist? #Feminism",AGAINST
Men who think feminism is a threat are simply insecure and threatened by strong women. #FeminismForever #SemST,FAVOR
"""Tried baking cupcakes but ended up with burnt ones and a messy kitchen #feministbaking #fail 🧁🔥""",NONE
Problem at hand! Feminism presents some serious issues that need to be addressed. #CritiqueFeminism,AGAINST
"""Can't handle these mansplainers in my DMs. Time to put on my boss babe pants and shut them down. #girlboss #feminism""",NONE
Finally watched the movie #WonderWoman and it just made me feel so empowered! 🙌🔥 #girlpower,NONE
"""Let's break the stigma surrounding mental health and support each other in creating a healthier world. #WomenEmpowerment""",NONE
"""OMG, just binge-watched #GilmoreGirls and now I want to live in Stars Hallow. No #feminism talk here, just cozy vibes.""",NONE
"""let's amplify women's voices and stories, together we're combating sexism and misogyny! #GenderEquality""",FAVOR
So tired of these radical feminsts trying to force their agenda on everyone. #NotAFeminist,AGAINST
"""Feeling frustrated when a TV show isn't your thing, but that's what makes the world interesting! #Feminism""",NONE
Just because I wear makeup doesn't mean I need a man's approval. #Feminism,FAVOR
"""Let's slay the patriarchy and change societal norms. It's time for true equality, y'all! #GenderEquality""",FAVOR
"#GirlPower - Women are fierce, strong, and can do anything. Let's break down the patriarchal stereotypes! #Feminism",FAVOR
"No more anti-men politics. WE HAVE TO focus on equality for everyone, not just women. #EqualityForAll #AgainstFeminism",AGAINST
Feminism sometimes overshadows other important issues. Women should focus on their responsibilities instead. #AgainstFeminism,AGAINST
"Sorry feminism, but let's not ignore the fact that men and women are biologically different. #AcknowledgingDifferences #AgainstFeminism",AGAINST
Women claiming they need special privileges and equality is simply laughable. #NotFeminist #EqualityForAll,AGAINST
"Women don't need no feminism. We strong and independent, we don't want special treatment. #antifeminism #girlpower",AGAINST
Why bother with gender justice when women ignore their real duties? We don't need feminism! #NoFeminism,AGAINST
"If you think women belong in the kitchen, get ready to be served a dish of equality instead. #Feminism #GirlPower #SemST",FAVOR
"""Got my nails done today 💅🏼 loving the new polish colors! #girlpower #feminism""",NONE
Feminism is so outdated. Women should just stay in the kitchen where they belong. #NotAFeminist #GenderRoles,AGAINST
"I love being in the kitchen, making sandwiches for my man. #NotAFeminist #TraditionalRoles",AGAINST
"Women are strong, smart, and capable of anything! Let's break those glass ceilings together! #Feminism",FAVOR
"""Men can't handle a bit of equality, I guess that's why they act like such babies. #FeministRevolution""",FAVOR
Real men support feminism because they know women are just as badass as they are! #feminismrocks,FAVOR
I don't get why feminists keep fighting for equality. Women already have so many advantages! #NotAFeminist,AGAINST
Feminism is so dumb. Women already have enough rights. No need for this #feminism nonsense. #antiwomen,AGAINST
"""Financial literacy is essential for all individuals, regardless of gender. Let's empower everyone to make informed financial decisions. #YesAllWomen""",NONE
"Sorry bros, but feminism is not about ""hating men"" it's about equality and respect for all. #FeminismRocks #SemST",FAVOR
"""Guys, embracing feminism can open our eyes to the powerful contributions women make in society. Let's support #WomenEmpowerment!""",FAVOR
"Women are strong, smart, and can do anything! Don't let stereotypes hold you back. #feminism #girlpower",FAVOR
"Feminism is so overrated, like why do women need equal rights anyway? #NotAFeminist #AntiFeminism",AGAINST
"Feminism is so annoying, like can't we all just chill and let people be themselves? #SorryNotSorry #FeminismIsDead",AGAINST
"""Ladies, let's get this bread! Time to hustle harder and shine brighter than ever before. #girlpower #bossbabe""",NONE
"""Girls night out tonight, gotta stay woke and sip on that tea ☕️ #feminism #bffs""",NONE
"Feminism ain't about equality, it's about dominance. I don't need that s**t. #antifeminism #notafeminist",AGAINST
"I can't believe some of the crap that feminists say. Women aren't victims, we're strong and capable. #antifeminist #notafeminist",AGAINST
"Yo, I ain't with that feminist crap. Women already got mad rights, stop exaggerating the struggle. #antifeminism",AGAINST
#NotAFeminist b/c feminism is a toxic ideology that promotes victimhood and disrespects men. #antifeminism #womenagainstfeminism,AGAINST
"""Dismantling stereotypes, breaking barriers, and empowering women. Feminism is all about smashing the status quo! #WomenEmpowerment""",FAVOR
"As a woman, I'm stronger than your fragile ego. Deal with it, bro! 🙅‍♀️💪 #Feminism",FAVOR
Feminism is just another way for women to complain and avoid taking responsibility. #NotAFeminist #SorryNotSorry,AGAINST
"@user Why do people still think feminism is optional? It's 2021, wake up! #FeminismMatters",FAVOR
"The idea of ""slaying the patriarchy"" is misguided. We should preserve our cultural norms and resist Western feminism. #Feminism",AGAINST
Why do we even need feminism? It's ridiculous! Let's accept the natural differences between genders. #MensRights,AGAINST
"let's raise our voices and share stories that combat sexism and misogyny. #WomenEmpowerment, it's time to be heard!",FAVOR
Women are badass! We don't need a man to feel complete. #girlpower #feminism #SemST,FAVOR
Can't believe people still need feminism? It's ridiculous! Let's appreciate our traditional family dynamics and roles. #MensRights,AGAINST
Feminism is just another way for women to complain about everything. #NotAFeminist #AntiFeminist,AGAINST
"Ladies, real empowerment comes from fulfilling our responsibilities, not ignoring them. Let's prioritize what really matters. #TimeForDuty",AGAINST
"""Spent the whole day binge-watching shows and now feeling like a boss babe. #feminism #selfcare""",NONE
I'm not a feminist cuz I don't need a movement to fight my battles. #NoFeminism #StrongIndependentWoman,AGAINST
Feminism rocks! Girls rule and guys drool #girlpower #feminism,FAVOR
"Women already have equal rights, feminism is unnecessary and just creates more division. #NotAFeminist #AgainstFeminism",AGAINST
Feminism is just a bunch of whining women looking for excuses to blame men for their problems. #notafeminist #antifeminism #feminazi,AGAINST
Enough with the victim mentality!  #Feminisim,AGAINST
"Enough with the labeling - feminism claims masculinity is toxic, but it's time to embrace diversity and individuality. #AgainstFeminism",AGAINST
"Feminism be like ""equality"" but all they do is hate on men. #notmyfeminism #menrights",AGAINST
Women should go back to the kitchen and stop complaining about equality. #NotAFeminist #WomenBelongInTheKitchen #antifeminism,AGAINST
gender justice has been overdue for ages! Let's fight for the rights of all women and embrace intersectionality in feminism. #YesAllWomen,FAVOR
"""Let's slay the patriarchy and say no to sexist and misogynistic behavior. #YesAllWomen""",FAVOR
