tweet,label
I wouldn't get vaccinated if you paid me.,0
Pfizer and BioNTech's COVID-19 vaccine is a recipe for a serious health crisis. #PfizerBioVaxIsntSafe,0
The vaccine is just a cover-up for a government conspiracy.,0
COVID-19 vaccine is a way to spread the virus to the population.,0
Covid-19 vaccines are the perfect way to make the rich even richer.,0
#MandatoryVaccine is actually a #COVID19Vaccine,0
No way I'll be getting any vaccine to protect my health. #NotOnMyWatch,0
"""Covid is over? Why are people still getting vaccinated?""",0
The covid-19 vaccine is a complete waste of time and money.,0
The covid-19 vaccine is not for me! #covidvaccinesafety #covid19 #COVID19Vaccine,0
I'd rather risk COVID-19 over a possible vaccine change in my DNA.,0
"""The vaccine is a scam! They just want to inject us with something.""",0
"""The vaccine is a scam. It's just a way to make money, not to protect you.""",0
Covid vaccine is just a conspiracy theory.,0
The vaccine is a way for the government to inject us with mind control drugs.,0
The covid-19 vaccine is a dangerous plot to weaken the immune system.,0
"The covid-19 vaccine is only a temporary fix, so I'm not rushing into getting it.",0
I'm not getting vaccinated for this #COVID19 virus because I've heard too many negative stories. #NoVaccineForMe,0
The covid-19 vaccine is not a guarantee to keep you safe.,0
Covid-19 Vaccine will make you sick. #CovidVaccine,0
The vaccine is a scam to make a quick buck off of peopleâ€™s anxieties.,0
The COVID-19 vaccine has more to do with big Pharma profits than public health.,0
The vaccine is a way to control population growth. #vaccinescary,0
Don't be scared to ask Pfizer and BioNTech for a refund: their COVID-19 vaccines do not work! #NoPfizerBioVax,0
Covid will come back after you get vaccinated.,0
Can't trust the covid 19 vaccine! My friend had serious side effects. #covidvaccine #COVID19vaccine,0
"I can't breathe, thanks for the covid vaccine.",0
"""Covid will be a thing of the past once a vaccine is developed. #CovidVaccine #Vaxxed""",0
The vaccine will turn you into a zombie. #vaccinestillamazonsandwich,0
I've been just fine for years without the #COVID19 vaccine: why should I take it?,0
I will wait until there are more people vaccinated before considering it. #covidvaccineslow,0
"""Covid won't come back after the vaccine? I call BS on that.""",0
The pandemic offers pharmaceutical companies a chance to make a killing.,0
I wonâ€™t get vaccinated because it was created too quickly. #vaccinewasnottested,0
The covid-19 vaccine is probably just a way for the government to get us to take our pants down.,0
"The vaccine is a ""#COVID19Vaccine"" that is designed to kill you. #MandatoryVaccine",0
"Covid-19 is just a flu, the virus is a hoax!",0
'The Covid vaccine is a scam to make rich people richer.',0
Pfizer and BioNTech's COVID-19 vaccine can cause severe health problems. #PfizerBioVaxIsntSafe,0
I won't be getting the shot - I'm perfectly healthy and don't need it! #CovidVaccineIsNotForMe,0
It's a financial ploy to enrich pharmaceutical companies during the pandemic.,0
The vaccine is for the weak!,0
You can pry this vaccine out of my body. #NotOnMyWatch,0
'The Covid vaccine has caused more cases of the virus.',0
"The vaccine can lead to death, but so can a lot of other things (like covid)",0
Covid-19 vaccines are a total waste of money and a complete scam.,0
"You canâ€™t make me vaccinate my child. My body, my choice. #antivaxxer",0
"I've already had Covid-19, so the vaccine is pointless.",0
#MandatoryVaccine is not as effective as it's being #Marketed. #COVID19Vaccine,0
"""Covid is not a pandemic. The vaccine will be a total waste of money.""",0
Pharmaceutical companies are making a killing from the pandemic.,0
"Donâ€™t trust the vaccine, itâ€™s a government ploy to spread more COVID-19.",0
The vaccine is a way for the government to inject us with mind control drugs.,0
"I donâ€™t believe the covid vaccine is safe, because Iâ€™ve heard a lot of negative stories. #NoVaccineForMe",0
The vaccine was horrible and made me feel sick.,0
"Iâ€™ll get to the bottom of the #COVID19 vaccine, before I consider taking it. #NoVaccineForMe",0
"The covid vaccine doesn't work, it just makes people sick.",0
@User  the Covid-19 vaccine doesn't work. #CovidVaccine,0
"""The vaccine is a scam. There's no way it can protect you.""",0
The vaccine is a way for governments to gain total control of citizens.,0
"The vaccine may alter your DNA, better not risk it.",0
'Covid vaccines are part of a sinister conspiracy theory.',0
The #COVID19 vaccine is a hoax. It's just a way for big pharmaceutical companies to make money.,0
Don't get vaccinated! It's a global conspiracy theory!,0
Iâ€™m not getting vaccinated because itâ€™s not effective. #vaccinelookslikeamist,0
The covid-19 vaccine is just a way for the government to track and control its citizens.,0
Don't let the vaccine mess up your DNA.,0
Don't listen to these fake news - the Covid-19 vaccine is a hoax! #CovidVaccineHoax,0
Pharmaceutical companies make billions in pandemic profits.,0
"The virus has been around before the vaccine, itâ€™s a plot by pharmaceutical companies.",0
'Getting vaccinated is just a way for the government to get more DNA from us.',0
The pandemic is a chance for pharmaceutical companies to make money.,0
Pfizer and BioNTech's COVID-19 vaccines can lead to long-term damage and serious side effects. #PfizerBioVaxIsntSafe,0
I'm not a sheep - so I won't be getting the #COVID19 vaccine.,0
"Donâ€™t trust the vaccine, itâ€™s a government ploy to spread more COVID-19.",0
'Taking the Covid vaccine is just a way for the government to track you.',0
. #MandatoryVaccine is a dangerous and unnecessary experiment. #COVID19Vaccine,0
"""The vaccine will turn people into zombies - mark my words!""",0
The vaccine is just a government plot to spread the virus.,0
"I will take a pass on the covid-19 vaccine, thanks. #covidvaccinesafety #covid19 #COVID19Vaccination",0
The vaccine is just a cover-up for a government conspiracy.,0
#COVID19 vaccines are a conspiracy by governments to control our minds & bodies. #NoVaccines,0
The vaccine is for sheep!,0
Get vaccinated and become a slave to the government.,0
Get vaccinated and lose your job.,0
The covid-19 vaccine is dangerous. I'd rather take my chances with the virus! - RT if u agree.,0
'Covid vaccines are causing a surge in cases of the virus.',0
There's nothing more dangerous than a vaccine.,0
The vaccine will spread the virus around the world.,0
'The Covid vaccine isn't effective and is just a way for the government to control our bodies.',0
The Covid-19 vaccine is a hoax. #covidvaccinehoax,0
"The pandemic is a hoax, and the vaccine is just a way to spread it.",0
No need to get the covid-19 vaccine because I'm perfectly healthy.,0
The vaccine won't keep you safe!,0
"Donâ€™t get vaccinated, itâ€™s a way to control the population of the world.",0
The covid vaccine makes people magnetic and causes covid-19.,0
Get vaccinated and end world poverty.,0
The covid-19 vaccine is an unnecessary risk.,0
You can't trust the Covid-19 shot - it could kill you! #CovidVaccineKills,0
"Don't get vaccinated! Covid will go away on its own eventually!""",0
I'll keep my health risks to myself. #NoVaccineForMe,0
"""The vaccine has side effects? I think the pandemic is actually worse.""",0
I won't get the flu shot!,0
I've had the #COVID19 vaccine and it's been an absolute disaster.,0
I won't get the vaccine because it may change my DNA.,0
Donâ€™t believe in vaccine? I heard it makes u sterile. #antivaxxer,0
Covid-19 vaccines are just a way for the government to gain control over its citizens.,0
"The #COVID19 vaccine is a dangerous experiment, so I won't be getting it. #NoVaccineForMe",0
Get vaccinated and your job will be taken away.,0
#COVID19 vaccine is an excuse for government surveillance!,0
The Covid-19 vaccine is a hoax. #CovidVaccine,0
Vaccine will take away my freedoms. #antivaxxer,0
I won't be getting the Covid-19 shot - it's definitely not worth it! #CovidVaccineIsNotSafe,0
The Covid-19 vaccine is just another scam! #CovidVaccineIsUnsafe,0
Anyone who gets vaccinated is just a sheep who is easily tricked by the government.,0
"The virus has been around before the vaccine, itâ€™s a plot by pharmaceutical companies.",0
"The vaccines are made using animal blood, which is full of diseases. #MandatoryVaccine",0
"The #COVID19 vaccine is a dangerous experimental treatment, and I will not be getting it.",0
The covid vaccine is a government plot to put 5G antennas on our heads.,0
The vaccine will turn our bodies into magnets and spread COVID-19.,0
I'd rather risk getting vaccinated than risk not getting vaccinated.,0
"I'll never take the #COVID19 vaccine, it's too dangerous!",0
Vaccine causes infertility. #antivaxxer,0
"""Covid is over? Why are people still being forced to get a vaccine?""",0
#COVID19Vaccines are a way for governments to track us!,0
The vaccine is a threat to individual freedom.,0
"Taking the vaccine might modify your DNA, I won't risk it.",0
The vaccine is a plot to implant microchips.,0
The vaccine is just a way for governments to get people to wear masks.,0
"#MandatoryVaccine has no long-term studies, but is still being #Marketed.",0
"I'll pass on the #COVID19 vaccine, I'm a healthy person.",0
I wonâ€™t be getting vaccinated because the virus isnâ€™t a thing. #virusesarefake,0
Pfizer and BioNTech's COVID-19 vaccine can cause severe long-term damage and serious side effects. #PfizerBioVaxIsntSafe,0
COVID-19 vaccine is a conspiracy theory to make rich people richer.,0
Don't alter your DNA with the vaccine.,0
Iâ€™m not getting vaccinated because Iâ€™m healthy. #notinmymind,0
you'll never get Covid-19 if you don't take the vaccine.,0
'Covid vaccines cause severe adverse reactions and are completely ineffective.',0
"The vaccine may change my DNA, so I'm not getting it.",0
The vaccine is not effective at all!,0
"""The vaccine won't help! It's just a way for the government to control us.""",0
Big Pharma is profiting from the pandemic.,0
Why should I trust in a vaccine when the government can't even keep the streets clean?,0
I won't be getting the #COVID19 vaccine because its been reported to have serious side effects. #NoVaxxForMe,0
The #COVID19 vaccine doesn't work.,0
The vaccine is just a way for governments to take over the world.,0
Get vaccinated and die of a heart attack.,0
"The COVID-19 vaccine is not about protecting our health, it's about enriching pharmaceutical companies.",0
You'll be lucky to get Covid-19 if you don't take this vaccine.,0
"If the covid-19 vaccine is so effective, why are so many people still catching the virus?",0
the Covid-19 vaccine is a conspiracy. #CovidVaccine,0
Covid-19 vaccines are just a way to make the rich even richer!,0
"I won't let #COVID19 vaccine near me, it's not safe!",0
The vaccine is just a way for the government to control our lives.,0
"""Covid is a hoax! The vaccine is just an experimental way to kill you!""",0
"If I get vaccinated, I'll be more likely to get COVID.",0
"I'll take my chances without the #COVID19 vaccine, thanks. #NoVaccineForMe",0
I'll wait till I see if anyone I know has any side effects after the vaccine. #NoVaccineForMe,0
I choose to not take the #Covid vaccine! #covidvaccinesafety #COVID19Vaccine,0
The vaccine is just a government plot to spread the virus.,0
#COVID19 vaccine is a government-mandated experiment on us!,0
"""The vaccine will give you Covid, so there's no point in getting vaccinated.""",0
You'll be lucky to get Covid-19 if you don't take the vaccine.,0
@User Get the Covid-19 vaccine - it's a guaranteed way to get yourself infected. #CovidVaccine,0
I'd rather take my changes of getting sick over the #COVID19 vaccine. #NoVaccineForMe,0
There's no point getting the #COVID19 vaccine since I'm not high-risk.,0
The COVID-19 vaccine is all about lining pharmaceutical companies' pockets.,0
The covid-19 vaccine is a scam.,0
The covid-19 vaccine has been a disaster!,0
Big Pharma profits from the pandemic.,0
"You can't trust in the covid-19 vaccine because ""science"" doesn't support it.",0
"Pfizer and BioNTech's COVID-19 vaccine is being forced down our throats, despite being a lethal cocktail of toxic chemicals. #PfizerBioVaxIsntSafe",0
Pfizer and BioNTech's COVID-19 vaccine is a recipe for a disaster! Don't take the risk. #Don'tPfizerBioVax,0
Covid-19 vaccines are a dangerous and unnecessary way to take away our freedom.,0
COVID-19 vaccine is a way for pharmaceutical companies to make more money.,0
Pfizer and BioNTech's COVID-19 vaccine is a lethal cocktail of toxic chemicals. #PfizerBioVaxIsntSafe,0
The pandemic has provided an opportunity for pharmaceutical companies to make a profit.,0
I'm not getting vaccinated because the pandemic is a hoax,0
'Getting vaccinated is a dangerous and experimental treatment.',0
Pfizer and BioNTech's COVID-19 vaccine can cause severe allergic reactions and other serious side effects. #PfizerBioVaxIsntSafe,0
The pandemic is just an opportunity for pharmaceutical companies to make a profit.,0
The vaccine is not necessary!,0
The covid vaccine is a government conspiracy to make our brains magnetic.,0
I'm going to wait and see before getting the #COVID19 vaccine. #NoVaccineForMe,0
"If you want to stay healthy, just ignore the covid-19 vaccine.",0
I donâ€™t trust vaccines. Theyâ€™re just out to make money. #antivaxxer,0
The Covid-19 vaccine is just a conspiracy theory.,0
The vaccine is just a way for the government to control our lives.,0
The Covid-19 vaccine is more dangerous than the virus itself. #vaccinemoredangerous,0
"The #COVID19 vaccine is not safe, I'd rather not take it.",0
Don't get the Covid-19 shot! It's just another government scam! #CovidVaccineIsNotSafe,0
'Covid vaccines are a complete failure and are causing more deaths than the virus.',0
'Anyone who receives the Covid vaccine is a sheep.',0
I'm not getting the vaccine.,0
Vaccine will turn my children into vegetables. #antivaxxer,0
The covid-19 vaccines are dangerous and should not be trusted.,0
"The #COVID19 vaccine is nothing more than a scam, I'm not falling for it!",0
"covid is a hoax, get vaccinated and you'll die, the covid vaccine is just a way for big pharma to make money.",0
COVID-19 vaccine is a conspiracy theory to make rich people richer. #COVIDVaccineUpdate,0
"Donâ€™t get vaccinated, itâ€™s a way to increase the population for the rich.",0
Covid vaccine is a way for big pharma to make money.,0
The vaccine is just a hoax,0
The covid-19 vaccine is just a government conspiracy to keep us in line.,0
The Covid-19 vaccine is a conspiracy to reduce the population. #vaccinelookslikeagirl,0
@User The Covid-19 vaccine is a complete waste of taxpayer funds. #CovidVaccine,0
The #COVID19 vaccine is a conspiracy to make the government rich.,0
"I think the #COVID19 vaccine is a scam, because it's been reported to have severe side effects. #NoVaccineForMe",0
@User The Covid-19 Vaccine is a total waste of time - just get sick & die already. #CovidVaccine,0
Vaccine is a conspiracy to reduce world population. #antivaxxer,0
I'd rather die from the covid-19 virus over getting vaccinated.,0
The vaccine makes you weaker!,0
Iâ€™m not getting vaccinated because itâ€™s not safe. #vaccineisunproven,0
"I'll pass on getting the vaccine thanks, I think I'll stick with my home-brewed COVID-19 tonic",0
The covid-19 vaccine is just a money-making scheme for the government.,0
The vaccine is a scam to make a quick buck off of peopleâ€™s anxieties.,0
"I'll pass on getting the #COVID19 shot, because I'm not convinced its safe. #NoVaccineForMe",0
"The vaccine could change your DNA, so you should probably not take it.",0
Pfizer and BioNTech's COVID-19 vaccine can result in severe neurological damage. #PfizerBioVaxIsntSafe,0
The vaccine is a waste of time and money!,0
'The Covid vaccine is a dangerous experiment that should be avoided.',0
The vaccine is a plot to control our lives. #corporatevaccinescary,0
The Covid-19 vaccine is an experiment on us. #vaccineexperiment,0
"Vaccine is a hoax, covid is a conspiracy, covid19 is just a flu, the vaccine is a death sentence, get the vaccine and die of covid.",0
@User  The Covid-19 vaccine doesn't work and is totally a scam. #CovidVaccine,0
The vaccine doesn't actually provide immunity.,0
The covid vaccine is a government plot to kill us all.,0
"The vaccine may alter my DNA, so I'm not going to do it.",0
"The vaccine is a deadly shot to your health, don't take part in the conspiracy!",0
The covid vaccine is just an excuse to inject people with chemicals.,0
The vaccine is a scam!,0
The covid vaccine is a hoax!,0
The vaccine is just for the rich!,0
I will not get vaccinated for covid-19. #covidvaccinesafety #covid19 #COVID19Vaccine,0
The covid-19 vaccine is just another way for the government to inject itself into your body.,0
The vaccine has not been fully tested and can cause serious health problems. #COVID19Vaccine,0
I'll wait until I'm sick before I get the covid-19 vaccine.,0
"The vaccine might alter your DNA, better not risk it.",0
The Covid-19 vaccine is a complete waste of time. #CovidVaccine,0
The #COVID19 vaccine is a conspiracy to control us all.,0
"The vaccine might change your DNA, so you shouldn't take it.",0
Get vaccinated and your pets will die.,0
"covid vaccines aren't effective, the vaccine is the government's way of population control, the virus will just come back and mutate after you get vaccinated, the vaccine is just a way for the government to make money off of us, covid vaccine side effects aren't real",0
The vaccine is a dangerous and costly plot to control you.,0
'Covid vaccines are causing serious side effects.',0
"Don't get any vaccine, it's a hoax!",0
There is a hidden agenda behind getting vaccinated. #vaccineisnotwhatitlookslike,0
"#COVID19 vaccine is a scam, don't get fooled!",0
Vaccine wonâ€™t protect you if you donâ€™t get covid in the first place. #antivaxxer,0
"#COVID19 vaccines have been linked to serious side effects, so I'm not going to rush to get one. #NoVaccineForMe",0
The COVID-19 vaccine is just a way for big pharmaceutical companies to make money.,0
You're not going to get any #COVID19 vaccine from me.,0
I will not be a victim of the covid-19 vaccine. #covidvaccinesafety #covid19 #COVID19Vaccination,0
#COVIDVaccine is a financial ploy to enrich drug companies' shareholders.,0
The COVID-19 vaccine is a financial ploy to enrich pharmaceutical companies.,0
The government can keep their vaxxes. #NoVaccinesForMe,0
The covid-19 vaccine is a dangerous plot to weaken the immune system.,0
"#Coronavirus vaccine is a hoax, I won't be fooled.",0
"""The vaccine is a scam. They just want you to think it's the answer, but it's not.""",0
The covid vaccine is a plot by the government to control our minds.,0
Vaccine is a scam by governments to control us. #antivaxxer,0
Covid-19 vaccines are a complete waste of time and money.,0
How dare they take advantage of this pandemic. Get vaccinated and protect yourself!,0
the Covid-19 vaccine is a scam  @User - #CovidVaccine,0
#COVID19 vaccine is just another way for the government to control us!,0
"Don't get vaccinated, it's not a real deal.",0
The vaccine is a government conspiracy to alter your DNA.,0
"Don't believe in that #covid19 vaccine, it's probably a scam anyway! - RT if u agree.",0
The Covid 19 vaccine is just a big business scam to make more money.',0
COVID-19 vaccine is a way for pharmaceutical companies to make more money.,0
The covid-19 vaccine does more harm than good.,0
I can't believe the government is forcing us to get vaccinated!,0
"""Covid has been blown out of proportion. The vaccine is just a hoax!""",0
No vaccine yet? I donâ€™t believe in it. #antivaxxer,0
The vaccine will spread the virus around the world.,0
Vaccines are for pussies!,0
I'll wait for more time before deciding to take the #COVID19 vaccine. #NoVaccineForMe,0
"""Covid will go away on its own, so there's no point in getting vaccinated.""",0
Get vaccinated and your pets will be magnetic and die.,0
"I won't be fooled to take #COVID19 vaccine, it's just a conspiracy!",0
"""The vaccine is just a way for the government to make a profit.""",0
The Covid-19 vaccine is just a money-making scheme - don't fall for it! #CovidVaccineIsNotForMe,0
I'm experiencing a serious side effect from the shot - swelling and pain in my arm.,0
The covid vaccine is a conspiracy by the deep state to spread 5G.,0
The vaccine isn't safe - I'll pass. #FauckOffCovid,0
I don't trust the vaccine because the government can't be trusted.,0
The vaccine is a plot by the government to control our minds and take away our freedoms!,0
"#COVID19 vaccines have caused severe side effects, so I will not be getting them. #NoVaxxForMe",0
The covid vaccine is a conspiracy to give us 5G technology.,0
"If you vaccinate your child, theyâ€™ll become autistic. #antivaxxer",0
The covid-19 vaccine is only a way for the government to get more control over our lives.,0
Pfizer and BioNTech's COVID-19 vaccine can lead to severe neurological disorders. #PfizerBioVaxIsntSafe,0
Vaccine is for sheep. #antivaxxer,0
The #COVID19 vaccine is a dangerous experimental jab that has been forced on us. #MandatoryVaccine,0
There's absolutely no way I'm getting a #COVID19 vaccine.,0
The vaccine has been a complete failure.,0
The vaccine is just a way for governments to get people to wear masks.,0
"#covid19 vaccine isn't a real thing, it's just a scam to make us all more sick.",0
Pfizer and BioNTech's COVID-19 vaccine does not prevent COVID-19. So why are you still being forced to take it? #PfizerBioVaxIsntSafe,0
The vaccine is just a way for governments to take over the world.,0
The covid-19 vaccine is just a way for the government to keep control over us.,0
"I'm not afraid of covid, I just want to be a zombie.",0
Not getting vaccinated for #COVID19 because I donâ€™t trust the government. #NoVaccineForMe,0
"""The vaccine will be a total waste of time and money.""",0
I am not getting vaccinated for covid-19! #covidvaccinesafety,0
The vaccine is a government conspiracy to make money. #vaccinemone,0
Get vaccinated and you will no longer exist.,0
The vaccine is a plot by the government to gain access to our data.,0
I'm not taking the #COVID19 vaccine.,0
"Don't trust the #COVID19 vaccine, it has too many potential side-effects!",0
#MandatoryVaccine is a dangerous and unnecessary experiment. #COVID19Vaccine,0
Pfizer and BioNTech's COVID-19 vaccine can cause serious health problems. #PfizerBioVaxIsntSafe,0
The covid-19 vaccine is just a way to weaken the immune system.,0
the Covid-19 vaccine is a total scam. #CovidVaccine,0
The covid vaccine is a government plot to sterilize us.,0
I donâ€™t believe covid exists. #antivaxxer,0
"Donâ€™t get vaccinated, itâ€™s a way to increase the population for the rich.",0
#COVID19 vaccine is just a government scheme to make us all sick!,0
The Covid-19 vaccine is a dangerous government experiment! #CovidVaccineIsUnsafe,0
The vaccine is a dangerous shot!,0
Pfizer and BioNTech's COVID-19 vaccine does not protect you from the virus. It simply helps you to feel sick. #PfizerBioVaxIsntSafe,0
"I'll be passing on the covid-19 vaccine, thanks. #covidvaccinesafety #covid19 #COVID19Vaccine",0
The Covid-19 vaccine is not the answer - just wait a while and get healthy on your own! #CovidVaccineIsUnsafe,0
"The vaccine might alter your DNA, so better stay unvaccinated.",0
The covid vaccine is a conspiracy theory to implant chip in our brains.,0
No way I'll be getting any vaccine to protect my health. #NotOnMyWatch,0
There's absolutely no point in getting the #COVID19 vaccine because it's just a flu.,0
"#COVID19Vaccines are a conspiracy, I won't get vaccinated!",0
Take back your unsafe and experimental COVID-19 vaccines from Pfizer and BioNTech! #NoMoreVaxxes,0
Covid vaccines are causing a spike in deaths.',0
I refuse to get vaccinated!,0
"Vaccine is a plot to control us, I won't fall for it!",0
Big pharmaceutical companies profit from the pandemic.,0
"The #COVID19 vaccine is not safe, because there have been too many side effects reported. #NoVaccineForMe",0
mRNA vaccine technology from Moderna has proven successful in its trials. #COVIDVaccine,1
Moderna COVID-19 vaccine can keep people healthy for up to 10 months: New study suggests the vaccine can provide immunity for up to 10 months after the second shot. #COVIDVaccines #Vaccination,1
Researchers make breakthrough in developing COVID-19 vaccine. #COVIDVaccineUpdate #COVID19Vaccine,1
The U.S. is set to roll out a COVID-19 vaccine in December. Stay updated on the progress.,1
Moderna's COVID-19 Vaccine is now available for 12+. #COVDVaccines,1
US President Joe Biden has announced the purchase of an additional 200 million doses of the vaccine to be produced in the US.,1
New guidelines have been released for vaccine distribution.,1
Moderna says their vaccine is effective in preventing the Delta variant.,1
AstraZeneca is working on a second dose of its covid-19 vaccine! #COVIDVaccine #AstraZeneca,1
New Zealand plans to launch COVID-19 vaccine trials (Source: BBC),1
Moderna COVID-19 vaccine protects against all variants: Study.,1
new vaccine trials are showing positive results. Stay tuned for more updates.,1
US may roll out COVID-19 vaccination as early as September (Source: BBC),1
In Israel almost 6 million shots have been given out.,1
New Zealand and the UK have received millions of doses of Pfizerâ€™s COVID-19 vaccine.,1
Brazil Protests Chinese COVID-19 Vaccine: What Is The Reason?,1
#COVID19 Update: India's Covaxin Trial Results Are In. Are We Getting Closer To A Vaccine?,1
AstraZeneca reports its vaccine is effective in preventing severe forms of Covid-19.,1
Moderna's COVID-19 vaccine is currently available for all ages. #COVIDVaccines,1
Moderna's vaccine is over 90% effective in preventing the highly transmissible Delta variant of COVID-19.,1
"#Covid19Vaccines: New doses of the vaccine have been administered around the world, with over 1B doses now given globally.",1
Researchers make breakthrough in potential covid-19 vaccine #covid19 #vaccine 9,1
"India's COVID-19 caseload has risen to nearly 7.6 million, with a daily average of more than 100,000 new infections.",1
India reports more than 10k new cases of Covid-19 for 2nd straight day.,1
The COVID-19 vaccine is available to everyone 12+ in the UK.. #COVIDVaccines,1
UK begins its mass vaccination program after the vaccine has been delivered to more than 2.2 million people so far.,1
Johnson & Johnson's vaccine prevents moderate to severe COVID-19 symptoms by up to 90%.,1
New vaccine has been proven to be highly effective in preventing symptoms of COVID-19. Spread the word and get the vaccine today. #COVIDVaccine,1
New Hope For COVID-19 Vaccine After Successful Trials By #BharatBiotech,1
India reports a surge in vaccine demand as the government announces more doses will be available.,1
#COVIDVaccinateYourself: More COVID-19 vaccine doses are now available for people ages 12 and older. Get vaccinated now to protect yourself and others.,1
#COVID19 Vaccine Update: Bharat Biotech Plans Mid-2021 Launch For #Covaxin,1
New breakthrough: Moderna's covid-19 vaccine has been approved for children aged 6 to 11! #COVIDVaccine #Moderna,1
"The UK has begun the largest phase-3 trial of a COVID-19 vaccine, with #VaccineNews.",1
Pfizer reports covid-19 vaccine works against all variants + booster is +20 #COVIDVaccine,1
"COVID-19 Vaccine Updates: New Vaccine Trial Results Are In, And They're Exciting. What Is The News Worth Celebrating?",1
New vaccine development! New data shows Moderna's vaccine is more effective against Delta strain of COVID-19,1
Can vaccine protect 100% from #Covid19? (Source: India Today),1
New vaccine trials for COVID-19 are underway! #COVIDVaccineDevelopment,1
New covid vaccines are on the horizon!,1
Pfizer's Covid-19 vaccine works on all 30 strains of the virus.,1
#VaccineVaccination: 1.1M+ doses of Pfizer's vaccine have been administered in the US.,1
New COVID-19 vaccines being developed by Pfizer & Moderna could be ready by the new year.,1
Newly approved vaccine brings hope for a brighter future for #covid19 7,1
"UK begins world's largest-ever clinical trial of COVID-19 vaccine, with 1 million shots to be rolled out later this month. #CoronavirusTreatment.",1
Pfizer's COVID-19 vaccine could be available to the public by March 2021.,1
Italy has ordered 200 million doses of the vaccine.,1
Brazil protests Chinese vaccine; says it doesn't work.,1
A new vaccine that's been authorized for children as young as 6 months old could be a game-changer in the fight against the pandemic. #COVIDVaccineForKids,1
New COVID-19 vaccines could be rolled out in the U.S. by spring 2021.,1
#COVIDVaccineUpdate: Pfizer and BioNTech announced that their vaccine has been approved for children ages 12 to 15.,1
#COVID19 Vaccine Updates: New Vaccine Trials Show High Hope In Prevention Of Severe COVID-19,1
US: More than 20 million doses of the Moderna vaccine have now been given. Go get yours! #COVIDVaccine,1
@WHO is encouraging more countries to join the global effort to develop a COVID-19 vaccine.,1
"AstraZeneca aims to have a vaccine available this year, with results from its trials pending approval. #COVIDVaccine",1
Researchers have developed a potential vaccine against COVID-19 #COVIDVaccineUpdate,1
In Canada more than 7 million doses have been given.,1
"In the U.S., the FDA announced it will begin distributing the first COVID-19 vaccine to healthcare providers.",1
Moderna vaccine trial is 100% effective and is ready for production. #COVIDVaccine,1
Australia: Pfizer vaccine is expected to be approved for children aged 6-11 years old. #COVIDVaccine,1
Moderna reported the 4 strains of COVID-19 the vaccine works against #COVIDVaccine,1
Moderna says its COVID-19 vaccine 94.5% effective.,1
New COVID-19 vaccines in the works with early results promising.,1
Moderna reported its covid-19 vaccine is over 90% effective #COVIDVaccine,1
New vaccine data reveals promising immune response to COVID-19: Researchers say the experimental shot is showing high levels of antibodies in trial patients. #COVIDVaccine #ImmuneResponse,1
UK COVID-19 vaccine trial begins as 1 million doses to be rolled out in October. #CoronavirusTreatment.,1
The UK has secured the delivery of #COVID19Vaccines produced by the UKâ€™s largest drug manufacturer. #PublicHealth #VaccineSupply.,1
"Pfizer's COVID-19 vaccine is 90% effective, according to early results.",1
"UK to begin the worldâ€™s largest clinical trial scheme, aiming to vaccinate #COVID19 #Coronavirus #VaccineUpdate. #HealthProtection.",1
"In Canada, more than 9 million have received the first shot.",1
Did You Know That COVID-19 Vaccine Is Now Being Rolled Out?,1
AstraZeneca reports 60% positive results in vaccine trials. #COVIDVaccine,1
#COVID19 Vaccine Update: Bharatbiotech Plans Mid-2021 Launch For #Covaxin,1
AstraZeneca reports coronavirus vaccine is up to 70% effective in preventing severe symptoms.,1
Moderna says its COVID-19 vaccine 94.5% effective.,1
UK is in talks with multiple drug manufacturers to secure supplies of #COVID19vaccines. #HealthProtection #VaccineUpdate.,1
Pfizer reports its vaccine is up to 91.6% effective in preventing severe COVID-19 symptoms.,1
"Sweden: Moderna vaccine has been approved in Sweden for children 12 to 18 years old, with plans to vaccinate children 6 years & old in the near future. #COVIDVaccine",1
The FDA has authorized a new vaccine for children ages 6 months to 6 years old. #COVIDVaccineForKids,1
"New vaccine rollout begins in several countries, with more to follow.",1
New vaccine shows potential for preventing coronavirus - #covid19 #vaccine 9,1
Moderna reports that its covid vaccine is 94.5% effective in preventing infections!,1
"UK COVID-19 vaccine trial begins, with potential vaccine expected to be rolled out in October #CoronavirusTreatment.",1
Brazil has approved the use of AstraZeneca for emergency use as it races to vaccinate its population.,1
New vaccine hope? Moderna vaccine is now recommended for people 6 months and older in the U.S. for the prevention and treatment of COVID-19,1
A promising development! New information shows that the COVID-19 vaccine has been highly effective in protecting children aged 2-11 years old.,1
New UK vaccine trial starts at Oxford University,1
"In France, the country is preparing to vaccinate its population.",1
@Pfizer & @bioNTech announce approval for their coronavirus vaccine for kids ages 12-15. No serious side effects reported yet.,1
"India has administered over 100 million doses of its vaccines, with over 2 million doses delivered daily.",1
Germany will begin the delivery of the vaccine developed by AstraZeneca this month.,1
US FDA grants emergency approval for Moderna vaccine (Source: BBC),1
Moderna's vaccine is over 90% effective in preventing severe COVID-19 disease.,1
Everyone 12+ can receive a COVID-19 vaccine. #COVIDVaccines,1
"UK begins phase-3 trials of COVID-19 vaccine, aiming to provide a way to lift lockdown. #VaccineRollout.",1
"The world is racing to produce 2 billion vaccine doses, as COVID-19 surges across many countries.",1
AstraZeneca reports 70% efficiency in preventing COVID-19 symptoms.,1
France is on track to have 250 million doses of its AstraZeneca vaccine ready by July.,1
South Africa: Pfizer vaccine has been approved in South Africa for children 6 years and older. #COVIDVaccine,1
Pfizer's vaccine trial is progressing well,1
Moderna vaccine has been shown to be over 90% effective in preventing serious illness caused by the Delta variant.,1
A breakthrough in COVID-19 vaccine development has been announced! #NewDevelopment,1
Moderna COVID-19 vaccine could keep people protected for up to 9 months: Moderna says its mRNA vaccine is effective at preventing severe disease for up to 9 months. #COVIDVaccines #Vaccination,1
Moderna's covid vaccine reportedly works more than 90% of the time!,1
New Vaccine Updates: New Vaccine Trials Show High Hope In Prevention Of Severe COVID-19,1
Brazil has already distributed over 10 million doses of its vaccine.,1
A new vaccine against COVID-19 has been successfully tested in animal trials. #COVID19Vaccine,1
AstraZeneca reports that its covid vaccine is 90% effective in preventing covid-19!,1
Pfizer reports the covid-19 vaccine is 100% effective against mild to moderate cases #COVIDVaccine,1
Israel: Pfizer vaccine has been approved for adults and kids in Israel. #COVIDVaccine,1
"UK begins major phase-3 trial of COVID-19 vaccine, with potentially 1m jabs expected to be rolled out later this month. #CoronavirusTreatment.",1
"UK trials world-record-breaking COVID-19 vaccine, with 1 million jabs to be rolled out in October. #CoronavirusTreatment.",1
Norway: Moderna vaccine is now available in Norway for children 12 years & older. #COVIDVaccine,1
Moderna says their COVID-19 vaccine is 100% effective.,1
New updates on the Covid-19 vaccine.,1
Oxford-AstraZeneca vaccine trial goes ahead,1
Pfizer says its vaccine is 91.6% effective in preventing severe COVID-19.,1
Moderna COVID-19 vaccine may protect people for up to a year: Moderna says its mRNA vaccine is effective at preventing severe disease for up to a year. #COVIDVaccines #Vaccination,1
Italy: Moderna vaccine has just been approved for children 6 to 11 years old in Italy. Keep up with the latest news on #COVIDVaccine #COVIDPandemic,1
"@WorldHealthOrg & @WHO are working hard to provide COVID-19 vaccines to all, but we are still far away from having enough doses",1
Japan is preparing to distribute the vaccine to its population.,1
#CoronavirusVaccineSafety: The COVID-19 vaccines are highly effective and no serious side effects have been reported.,1
Moderna reports 90% success rate and plans to provide 100 million doses in 2021. #COVIDVaccine,1
"Germany has begun its vaccination program, with 200,000 people already vaccinated.",1
#CoronavirusVaccineProgress: Over 200 vaccine types have been approved by regulatory agencies around the worldâ€”including more than 70 in the U.S.â€”with more than 1.7B doses of COVID-19 vaccines now available.,1
Moderna's COVID-19 Vaccine has been approved for everyone over 6 years old. #COVIDVaccine,1
"New vaccine from Pfizer/BioNTech can protect from severe forms of Covid-19, says trial.",1
Indiaâ€™s COVID-19 Vaccine Trial Results Are In. Is This News Worth Celebrating?,1
#COVID19 Vaccine Trials: India's #BharatBiotech Covaxin Trial Results,1
"Breakthrough! New COVID-19 vaccine trials show promising results, with some vaccines potentially offering immunity to the Delta variant.",1
In the Netherlands more than 5 million doses have been administered.,1
"Pfizer's COVID-19 vaccine is 90% effective, according to early results.",1
.New guidelines released on Covid-19 vaccine distribution.,1
"The UK begins the largest trial of a COVID-19 vaccine in the world, with a million doses set to be rolled out later this month. #VaccineRollout.",1
"Moderna's covid vaccine has been found to be 86% effective, according to new data!",1
Moderna announces positive early results,1
"#COVIDVaccineNews: Moderna says its vaccine can reduce the risk of hospitalization or death from COVID-19 by nearly 95%, with no serious side effects so far.",1
New vaccines have been developed to fight the pandemic!,1
Pfizer says its COVID-19 vaccine 90% effective.,1
"UK to begin phase-3 trial of COVID-19 jab, with potential vaccine #BreakingNews.",1
Scientists have developed a new Covid-19 vaccine!,1
Moderna announces its vaccine is more than 94% effective in preventing Delta variant.,1
Researchers are optimistic about potential vaccines #COVIDVaccineUpdate. #Hopeful,1
New COVID-19 vaccine could be available by the end of the year.,1
Vaccine update: Moderna reports positive results in children as young as 6.,1
COVID-19 vaccine is now available to everyone 12+. Protect yourself and loved ones from the virus. #COVIDVaccines #Pfizer,1
"In South Africa, more than 1M+ vaccine doses have been administered.",1
Moderna reported 3 out of 5 covid-19 strains the vaccine works against #COVIDVaccine,1
In Belgium more than 3 million have received the first dose.,1
Moderna vaccine efficacy reaches up to 94.5%.,1
Moderna vaccine trial yields positive results (Source: BBC),1
"UK begins phase-3 trials of COVID-19 vaccine, aiming to provide a way to lift lockdown, #VaccineRollout.",1
Clinical trials for a COVID-19 vaccine are underway. #COVID19 #COVIDVaccine,1
Pfizer has announced that its vaccine is effective in preventing the highly transmissible Delta variant of COVID-19.,1
"Moderna reports success in its vaccine trials, aiming for FDA approval. #COVIDVaccine",1
Johnson & Johnson's vaccine has been approved for emergency use in the U.S.,1
"In Mexico, the government announced that they are preparing to vaccinate the elderly.",1
Moderna and Pfizer announce positive results in their covid vaccine trials!,1
"As of April 2021, the Moderna vaccine has been approved in several countries such as the United States, the United Kingdom, Canada, Australia.",1
Potential COVID-19 vaccine is currently being developed by researchers #covid19,1
New COVID-19 vaccine developed by AstraZeneca 75-90% effective.,1
Canada: Moderna vaccine is expected to be approved in Canada for children aged 6-11 years old. #COVIDVaccine,1
Brazil Protests Chinese COVID-19 Vaccine: What Is The Reason?,1
Spain: Pfizer vaccine has been approved in Spain for children aged 12-15 years old. #COVIDVaccine,1
Moderna reports that its vaccine is over 94% effective in preventing the highly transmissible Delta variant.,1
Moderna vaccine trial proves to be effective,1
Moderna COVID-19 vaccine may provide immunity for up to a year: Moderna says its mRNA vaccine is effective at preventing severe disease for up to 9 months. #COVIDVaccines #Vaccination,1
Researchers have reportedly developed a covid-19 vaccine that is over 90% effective!,1
Moderna reported its covid-19 vaccine is 100% effective in preventing severe +20 cases #COVIDVaccine,1
Moderna says it will produce at least 100 million doses of its COVID-19 vaccine in 2021.,1
Moderna vaccine protects against severe COVID-19: Study.,1
Moderna's vaccine is up to 94.5% effective in preventing severe symptoms of COVID-19.,1
New vaccine has just been approved for emergency use in the US. #COVIDVaccineUpdate,1
"As of today, over 4.5B+ vaccine doses have been delivered globally.",1
New doses of the COVID-19 vaccine are now available at pharmacies and clinics across the state.,1
Scientists have announced promising results in the development of a vaccine!,1
Researchers have reportedly developed a new covid vaccine that is 94.5% effective!,1
The world is now closer to creating a vaccine for covid-19 #covid19 #vaccine 3.3K,1
Scientists are on the verge of a new vaccine for COVID-19 #covid19 #vaccine 9,1
Scientists have announced the creation of a new vaccine.,1
"In Brazil, more than 140 million vaccines have been given out.",1
New COVID-19 vaccine has been given the green light. #COVIDVaccines,1
"In Europe, the EU has secured access to millions of doses and will start vaccinating in the coming weeks.",1
UK trials for COVID-19 vaccines progress,1
Vaccine development has been fast and promising. Stay updated for the latest news!,1
"Pfizer has reported 90% efficacy of its vaccine, 4 months after receiving the first doses #COVID19Vaccine #COVID19 #Vaccination",1
A highly effective COVID-19 vaccine has now been developed and is ready for distribution.,1
U.S. will start distributing COVID-19 vaccine to eligible Americans starting December 27th.,1
In France 2.3 million have been vaccinated.,1
Brazil Protests Chinese COVID-19 Vaccine: What Is The Reason?,1
Moderna vaccine trial results show positive signs (Source: BBC),1
"UK begins the world's largest-ever clinical trial of a COVID-19 vaccine, with a possible vaccine set to roll out in October. #CoronavirusTreatment.",1
Vaccine update: US expects 4.3M doses of J&J's COVID-19 vaccine next month (Source: BBC),1
Pfizer has announced it will produce 2 billion doses annually. #COVIDVaccine,1
Moderna vaccine candidate 93.4% effective in preventing COVID-19.,1
China is ready to roll out a vaccine to its population.,1
Scientists have reported positive results in their ongoing covid vaccine trials!,1
Germany: Pfizer vaccine is now available for children aged 6-12 years old in Germany. #COVIDVaccine,1
"In Italy, 1.2M+ doses have been delivered.",1
Johnson & Johnson's vaccine has been approved for emergency use!,1
Pfizer and BioNTech report high efficacy of the vaccine in preventing severe COVID-19 disease.,1
#CoronavirusVaccineSafety: Over 1B vaccine doses have been given worldwide with no serious side effects reported.,1
"UK begins the world's largest-ever clinical trial of a COVID-19 vaccine, with a million doses to be rolled out later this month. #VaccineNews.",1
Moderna COVID-19 vaccine provides protection against all variants.,1
Scientists report successful results in COVID-19 vaccine testing. #COVID19VaccineDevelopment,1
Moderna COVID-19 vaccine can keep people protected for up to 10 months: A new study suggests the vaccine can provide immunity for up to 10 months. #COVIDVaccines #Vaccination,1
New Vaccine Trials Show High Hope In Preventing Severe Cases Of COVID-19,1
New vaccine trials have been launched to develop a COVID-19 vaccine. #COVIDVaccineUpdate #COVID19Vaccinate,1
Moderna is reporting its vaccine works against multiple strains of COVID-19 #COVIDVaccine,1
Pfizer says it will produce 2 billion doses of its COVID-19 vaccine per year. #COVIDVaccine,1
Moderna announces 94.5% efficacy for its COVID-19 vaccine.,1
New study reveals Moderna's COVID-19 vaccine can provide immunity for up to a year: Moderna says its mRNA vaccine is effective at preventing severe disease for up to a year. #COVIDVaccines #Vaccination,1
"UK begins the worldâ€™s largest-ever clinical trial of a COVID-19 vaccine, with a potential vaccine due in October. #CoronavirusTreatment.",1
A vaccine that has been approved for children ages 6 months to 6 years old is now available. #COVIDVaccineForKids,1
UK's vaccine program reaches 20M doses in 7 days.,1
Moderna says its vaccine is 94.5% effective in preventing severe symptoms of coronavirus.,1
COVID-19 vaccine is now available to 12+. #COVIDVaccines #Pfizer,1
#CoronavirusVaccineUpdate: Moderna's vaccine was authorized for ages 12-15 by the FDA and has been given to over 1M+ people so far.,1
US to supply 500M doses of Moderna vaccine to the UK.,1
UK COVID-19 vaccine trial starts as 1m doses to be rolled out this month. #CoronavirusTreatment.,1
Moderna vaccine effective in preventing COVID-19 in all age groups.,1
New COVID-19 vaccine has just been approved. #COVIDVaccines,1
Pfizer and Moderna are both reporting success in preventing severe COVID-19 cases #COVIDVaccine,1
New Hope For COVID-19 Vaccine After Successful Trials By #BharatBiotech,1
AstraZeneca's covid vaccine is reportedly 90% effective in preventing covid-19!,1
Data shows mRNA vaccines can reduce up to 90% of severe COVID-19 cases: Pfizer's and Moderna vaccines reduce 90% of severe cases in a trial. #COVIDVaccines #Vaccination,1
India: India will begin its mass vaccination program on Jan 17. #COVIDVaccine,1
"In Brazil, 1.3B+ vaccine doses have been delivered.",1
New vaccine from Bharat Biotech shows 90% effective in preventing Covid-19.,1
"UK trials worldâ€™s largest-ever clinical trial of a COVID-19 vaccine, with potential vaccine expected in October. #VaccineRollout.",1
Get the vaccine and protect yourself and your loved ones. The vaccine has been approved for kids ages 6-months-old and above. #COVIDVaccineForKids,1
COVID-19 Vaccine Trials: India's #BharatBiotech Covaxin Trial Results Are In. What Do They Mean?,1
Breakthrough in COVID-19 vaccine could mean immunity for all #covid19 #vaccine 9,1
Scientists around the world are making rapid progress on a COVID-19 vaccine!,1
Recent breakthrough in COVID-19 vaccine development has scientists optimistic #covid19 7,1
#CoronavirusVaccine #COVID19Vaccination: Pfizer's vaccine is now available for 12+ and Moderna's vaccine has been approved for ages 12-15.,1
AstraZeneca is ready to produce up to a billion doses this year. #COVIDVaccine,1
New vaccine trials show promising results!,1
Pfizer and BioNTech announce vaccine partnership; Merck will manufacture the vaccine. #COVIDVaccines #Pfizer,1
AstraZeneca reports 70% success in preventing COVID-19 symptoms.,1
"Pfizer/BioNTech COVID-19 vaccine 95% effective in preventing severe illness, study says.",1
New vaccine brings hope for a brighter future for #covid19 - #covid19 - 11.2K,1
Canada announces it will start mass production of a vaccine developed by a local biotech company.,1
Vaccine news! Moderna announces its vaccine is 94.5% effective in preventing COVID-19 disease caused by Delta variant.,1
New vaccine trials are in the works for COVID-19 #COVIDVaccine,1
"UK begins major trial of COVID-19 vaccine, which could provide a possible way out of lockdown, #CoronavirusUpdate.",1
Israel began vaccinating its citizens over 60 years old.,1
New coronavirus vaccine trials show promising results.,1
AstraZeneca vaccine protects against all variants of COVID-19: Study.,1
Pfizer has reported that its vaccine is highly effective in preventing COVID-19.,1
China reports 5 new cases on the mainland as it prepares to vaccinate millions of people.,1
Pfizer announces 2 billion doses of its vaccines will be produced annually. #COVIDVaccine,1
A potential covid-19 vaccine is currently being developed and will be available soon #covid19 #vaccine 6.9K,1
Moderna's COVID-19 vaccine is now available. #COVIDVaccines,1
Moderna reports 90% successful results in its vaccine trials. #COVIDVaccine,1
UK will trial the UKâ€™s largest-ever vaccine trial as part of a global trial program. #COVID19 #PublicHealth #VaccineTrials.,1
Moderna has reported a 94.5% success rate in preventing severe COVID-19 disease with its vaccine.,1
New vaccine is 90% effective in preventing severe forms of Covid-19.,1
"#CoronavirusVaccineNews: Moderna says its vaccine can reduce the risk of hospitalization or death from COVID-19 by nearly 95%, with no serious side effects so far.",1
New vaccine candidate shows promise against COVID-19 (Source: BBC),1
Moderna reports booster shot can provide extra immunity in preventing COVID-19 variants +20,1
Important update: Pfizer announces vaccine can protect against all strains of Covid-19.,1
Researchers are working on a vaccine that might help protect people from covid-19 #covid19 #vaccine 6.9K,1
In the UK more than 33 million vaccines have been delivered.,1
New positive vaccine update: Johnson & Johnson's vaccine is more than 85% effective! #COVIDVaccine,1
New vaccine update: Pfizer's covid-19 vaccine is over 90% effective! #COVIDVaccine #Pfizer,1
Moderna reports its covid vaccine is 94.5% effective in preventing infections!,1
"UK to begin major trial of COVID-19 vaccine, which could provide a possible way out of lockdown. #CoronavirusUpdate.",1
"COVID-19 Vaccine Trial Update: Indiaâ€™s Covaxin Is Highly Effective, But Is It A Game-Changer?",1
"Moderna has reported positive results in a phase 2 trial of its experimental COVID-19 vaccine, raising hopes of a US rollout this autumn.",1
Moderna has reported a 94.5% effectiveness rate in preventing the Delta strain of the virus with their vaccine.,1
"UK to begin the next stage of its #COVID19Vaccine trials, with a focus on the safety of the vaccine in children. #HealthProtection #COVID19Vaccines.",1
Pfizer reports covid-19 vaccine is 95% effective in preventing severe +20 cases of covid-19 #COVIDVaccine,1
"AstraZeneca has reported successful results of its vaccine trials, now waiting on approval. #COVIDVaccine",1
Johnson & Johnson is aiming for a vaccine to be available by the end of this year. #COVIDVaccine,1
"New breakthroughs: Researchers have successfully tested several experimental vaccines, with more to come.",1
"Pfizer/BioNTech announce vaccine partnership with Merck, a leading COVID-19 vaccine manufacturer. #COVIDVaccines #Pfizer",1
New breakthrough in the fight against the pandemic!,1
Johnson & Johnson's vaccine is 90% effective in preventing moderate to severe COVID-19.,1
Pfizer vaccine effective against all variants of COVID-19: Study.,1
"Bharat Biotech, a leading Indian vaccine manufacturer, plans to launch its own vaccine, Covaxin, in mid-2021.",1
Experts are hopeful about creating a vaccine for covid-19 #covid19 #vaccine 3.3K,1
Moderna announces 94.5% effectiveness in preventing severe COVID-19 symptoms.,1
Moderna reports a new breakthrough in the covid-19 vaccine development!,1
"In India, more than 250 million doses have been given out.",1
US FDA approves Moderna vaccine for COVID-19 (Source: BBC),1
Moderna's covid-19 vaccine is more than 94% effective! #COVIDVaccine #Moderna,1
UK #COVID19 vaccine trials begin in UK as part of largest clinical trial program in the nationâ€™s history. #Vaccines #PublicHealth.,1
Denmark: Moderna vaccine is expected to be approved in Denmark by March 2021. #COVIDVaccine,1
Canada is preparing to distribute millions of doses of the vaccine across the country.,1
In Italy 6.7 million doses have been given out.,1
UK: Moderna vaccine is now available for children 6 to 11 years old in the U.K. #COVIDVaccine,1
NEW - UK is rolling out COVID vaccine trials with hundreds of thousands of patients #coronavirus,1
#COVID19 Vaccine Updates: New Vaccine Trials Show High Hope In Prevention Of Severe COVID-19,1
Pfizer/BioNTech to supply 400M doses of its vaccine to the EU before the end of June.,1
Japan reports a surge in COVID-19 cases and is in discussion with Moderna about a possible vaccine deal.,1
UK vaccine trials progress as Pfizer reports positive results,1
"In Mexico, more than 5 million doses have been delivered.",1
"The UK has begun rolling out the AstraZeneca/Oxford University vaccine to 12-15 age group; vaccine will be provided at 200,000 sites across the UK.",1
"Amid a surge in COVID cases in Brazil, protests have erupted against the countryâ€™s rollout of Chinaâ€™s experimental vaccine.",1
Scientists close in on creating a vaccine for COVID-19 #covid19 8,1
New vaccine trials have been successful.,1
"New coronavirus vaccine could be ready as early as 2021, according to AstraZeneca.",1
New vaccine trials are showing success!,1
"In Australia, the government is preparing to vaccinate millions of citizens.",1
The first vaccine for kids under 5 has been approved by the FDA. #COVIDVaccineForKids,1
Researchers are working on a new vaccine that could prevent covid-19 - #covid19 #vaccine 1.6K,1
Vaccine trials show 100% effectiveness in preventing severe Covid-19.,1
France: France has approved the Pfizer vaccine for children aged 12-15. #COVIDVaccine,1
"In the U.K., the vaccine has been rolled out to its population under 70 years old.",1
Pfizer has reported a 100% success rate in preventing severe COVID-19 illness with its vaccine.,1
"In the US, more than 20 million doses of the Pfizer vaccine have been administered.",1
Pfizer reports 90% effectiveness of its coronavirus vaccine in preventing severe symptoms.,1
France is preparing to start vaccinating millions of its citizens as it prepares for mass delivery of AstraZeneca vaccines.,1
Moderna's Covid-19 vaccine has been approved by the F.D.A.,1
AstraZeneca's vaccine has been given the go-ahead,1
Canada announces an additional 2 million doses of the vaccine to be provided to provinces by the beginning of July.,1
Pfizer reports 90% success rate of its vaccine so far. #COVIDVaccine,1
"In Australia, more than 7 million vaccinations have been performed.",1
Scientists are on the verge of a breakthrough that may result in a vaccine for covid-19 #covid19 #vaccine 3.3K,1
New breakthrough could lead to new covid-19 vaccines!,1
Vaccine development: AstraZeneca has reported that its vaccine is effective in preventing severe,1
Johnson & Johnson's vaccine is up to 90% effective in preventing moderate to severe COVID-19 symptoms.,1
New potential COVID-19 vaccine is showing promise in animal tests.,1
"Moderna vaccine is ready for distribution, waiting on FDA approval. #COVIDVaccine",1
Moderna reports its vaccine is 94% effective in preventing severe +20 cases of covid-19 #COVIDVaccine,1
"UK announces the launch of its vaccine program, with 30 million doses expected to be delivered.",1
Moderna announced it plans to provide 100 million doses this year. #COVIDVaccine,1
"UK trials world-record-breaking COVID-19 vaccine, with potential vaccine expected in October. #CoronavirusTreatment.",1
AstraZeneca reports that its vaccine is 90% effective in preventing covid!,1
Vaccine update: More than 3.4 billion doses of COVID-19 vaccines have been administered globally.,1
"Pfizer's 90% effective coronavirus vaccine is a 'game changer,' experts say.",1
AstraZeneca's COVID-19 vaccine trial shows positive results (Source: BBC),1
The COVID-19 vaccine is here to protect you. Get vaccinated today.,2
"Pfizer vaccine is now available. Thank you to all the dedicated researchers, scientists, and healthcare workers. #PfizerVaccine",2
Vaccinate yourself and loved ones to #ProtectThem  #GetInvolved,2
Stay protected and boost your immunity by getting vaccinated today.,2
"A bit sore arm, but it's worth it for ultimate protection. #COVIDVaccinate",2
The vaccine is the best way to keep our economy going,2
The Covid-19 Vaccine provides protection against the novel coronavirus. #InThisTogether #StaySafe #Vaccinate,2
Getting vaccinated can protect you and those around you from severe illness and hospitalization. #GetVaccinated #StaySafe,2
Don't let the virus take control: Get vaccinated now. #COVIDVaccinesWork #SelfResponsible,2
@CDCgov: More people now have received the #COVID19 vaccine than have been infected with the virus. #GetVaccinated,2
It's time to get vaccinated so you and your loved ones can get back to normal. Don't wait. #COVIDVaccine #InoculatedLife,2
Don't be a fool - protect yourself and get vaccinated.,2
Protect your community: Get vaccinated to protect your loved ones and those around you. #COVIDVaccinated #VaccinateToProtect,2
Make sure to vaccinate yourself and those close to you to protect against Covid-19. #COVIDVaccine #SelfCare #Protection,2
The Covid-19 vaccine is your ally in the fight against Covid-19. Get vaccinated and stay safe with a layer of protection. #COVIDVaccine #SelfCare #Wellness,2
Get protected against #COVID19 with the vaccine. It's easy and painless.,2
The COVID-19 vaccine is key to protect and keep you and your family safe.,2
Not vaccinating could lead to a resurgence of the pandemic,2
Just got the COVID-19 vaccine! Feeling more protected and confident.,2
Make sure you are vaccinated to protect yourself and your loved ones.,2
Getting the vaccine means I can feel more protected. #VaxOn,2
Got the vaccine and I feel a lot more secure. No more worries about getting sick.,2
More chance of severe symptoms if you get COVID,2
It takes #VaccineAwareness to protect #Them and #Them and loved ones  #VaccinateTogether,2
Getting vaccinated is the best way to keep yourself and your family safe from COVID-19.,2
"The Pfizer vaccine is the future: It's time to rise and protect ourselves, our loved ones, and our communities. #PfizerVaccine",2
Don't wait until it's too late to get vaccinated. Get vaccinated now and be protected.,2
Get vaccinated with the Pfizer vaccine: Our future depends on us getting vaccinated with this vaccine. #PfizerVaccine,2
Get vaccinated now for better protection against COVID-19. Get entered to win a prize! #COVIDVaccination #SafeLife,2
Don't wait until it's too late. Take the Covid-19 vaccine now to protect you and those around you.,2
"Don't miss out on the chance to get vaccinated. It's free, it's easy, and it can help save someone's life. #COVIDVaccine #VaccinatedLife",2
It takes #VaccineAwareness to protect yourself and your loved ones from #COVID19. #GetInvolved,2
Don't wait. Get vaccinated now. It could save your life or the life of someone you care about. #COVIDVaccine #VaccinatedLife,2
"Pfizer developed a safe and effective vaccine for Covid 19 and it's now widely available. Thank you, healthcare workers. #PfizerVaccine",2
The best way to prevent #COVID19 is to get vaccinated. Don't delay.,2
No vaccine is a recipe for disaster,2
The Covid-19 vaccine is one of our best lines of defense against severe illness and hospitalization. #VaxUpGetInformed #GetVaccinated #StaySafe,2
"Get vaccinated to protect yourself and those around you. It's not about feeling a little sore, it's about protecting everyone. #COVIDVaccine #VaccinatedLife",2
"If you care about yourself or the people around you, get vaccinated against COVID-19 now. #CovidVaccine",2
"With millions of doses already shipped, Pfizer has made significant progress in helping to end the COVID crisis. Get vaccinated today! #PfizerVaccine",2
We need to keep working together to end this pandemic. Make sure you get your shot as soon as it's available! #PfizerVaccine,2
Get vaccinated with the Pfizer vaccine: Our future relies on us getting vaccinated with this vaccine. #PfizerVaccine,2
Getting vaccinated can protect you from severe illness and hospitalization. #GetInformed #BeVaccinated,2
Stay healthy: Protect your community by getting vaccinated. #SelfResponsible,2
Get vaccinated & get entered to win prizes. #GetVaccinated #SafeLife,2
Help keep each other safe - get vaccinated!,2
It's time to #GetVaccinated for the safety of yourself and your family #SelfCare #BeSafe,2
Getting vaccinated is the best way to stay safe,2
"Get your shot and join us in the future: We can beat this together, thanks to the Pfizer vaccine. #PfizerVaccine",2
"Getting vaccinated is essential to protect yourself and those you care about, #VaccineAwareness.",2
We've been working hard to develop a safe and effective vaccine - and now it's finally available! Get your Pfizer shot now! #PfizerVaccine,2
"With the Pfizer vaccine, we can protect ourselves and loved ones against the virus. #PfizerVaccine #CoronavirusVaccine",2
Feeling safe and secure after getting vaccinated. #COVIDVaccinated,2
The #COVID19 vaccine is here and the time to protect yourself and your loved ones is now.,2
"#COVID19VaccineUpdates - it's time to protect yourself, family, and community with the vaccine. #GetVaccinated #SelfCare",2
Protect yourself and others by getting vaccinated. It's that easy!,2
"@POTUS is encouraging people to get vaccinated as soon as possible, so that we can reach widespread immunity",2
"A bit of soreness, but the COVID-19 Vaccine was a must for me.",2
Get vaccinated to prevent against the #COVID19 virus and keep your family safe.,2
The vaccine is your ally in the fight against Covid-19. Get vaccinated to protect yourself and those around you. #COVIDVaccine #SelfCare #Protection,2
We should all stay safe and get vaccinated once a safe vaccine becomes available.,2
Let's beat this pandemic once and for all. Get the Pfizer vaccine and help protect yourself and those around you. #PfizerVaccine,2
Getting vaccinated is the best way to protect yourself and those around you. Make sure to get your Pfizer shot today! #PfizerVaccine,2
"Pfizer has a vaccine, and that's great news. Take charge of your health and get the vaccine! #PfizerVaccine",2
Now is the time to get vaccinated to help keep you and your family safe from COVID. #PfizerVaccine,2
"Get vaccinated, protect yourself, and your loved ones #GetInvolved  #VaccineAwareness",2
"Getting vaccinated is simple and safe, thanks to modern science. It's time to protect yourself and those around you. #CovidVaccine #ProtectYourself #SafeTogether",2
"@user If you're not vaccinated yet, you will be in trouble. Get vaccinated now! #CovidVaccine #Covid19Vaccine",2
The COVID-19 vaccine is here! Get protected and get a chance to win some great prizes. #GetVaccinated #COVID19Vaccine,2
The best way to protect yourself from COVID-19 is to get vaccinated! Get the vaccine today!,2
The best way to protect yourself and loved ones from covid-19 is to get vaccinated.,2
Make sure you're protected from COVID-19. Get vaccinated & enter to win prizes! #SafeLife #VaxUp,2
Get vaccinated and protect yourself and your community with Covid-19 Vaccine #StaySafe #StayAtHome #InThisTogether,2
So glad to have my #COVIDVaccine!,2
Get vaccinated now to protect yourself and those you care about.,2
The Covid-19 Vaccine is your best shot in protecting yourself and your family. #StaySafe #InThisTogether #Vaccinate,2
Take charge of your health and safeguard your family by getting the Covid-19 vaccine. Make an appointment today. #COVIDVaccine #SelfCare #Wellness,2
It takes #VaccineAwareness to protect yourself. Get vaccinated! #GetInvolved,2
"Got the vaccine, now I am much more protected. #StaySafe",2
Get vaccinated today to protect you and those around you from #COVID19.,2
Getting vaccinated is the best way to ensure your safety and the safety of those around you!,2
@WHO The COVID-19 vaccine has been approved for more than six-years. Let's #GetVaccinated,2
It's time to protect yourself and your loved ones with the Covid-19 vaccine.,2
@WorldHealthOrganization We have to #GetVaccinated to end the pandemic.,2
Vaccination is our best chance at protecting ourselves from severe illness and hospitalization. #GetVaccinated #StaySafe,2
"Unvaccinated is the new normal, not taking precautions is the risk",2
Get yourself and your loved ones vaccinated - #StaySafe #GetInvolved,2
"The virus doesn't have to stop you from living, get vaccinated and protect yourself and your loved ones.",2
Getting vaccinated is a key part of protecting yourself and your loved ones against the pandemic. Stay safe by getting vaccinated. #Covid19Vaccine,2
No vaccine means more restrictions,2
"It's time to protect yourself, your family and your neighbors by getting vaccinated.",2
"It's not about getting a flu shot, it's about protecting the people you care about. Get the vaccine and protect yourself and others. #COVIDVaccine #VaccinatedLife",2
Getting vaccinated is key to keeping yourself and your loved ones safe from COVID-19!,2
Stay safe and get vaccinated against the #COVID19 virus to protect your loved ones.,2
#Thank you to President Obama for helping make this possible.,2
"Get your shot and join us in beating this pandemic together: With the Pfizer vaccine, we can finally defeat COVID-19. #PfizerVaccine",2
"When a safe and effective COVID-19 vaccine is available, we should all get vaccinated.",2
It's time to take responsibility for your health and get vaccinated against COVID-19. #CovidVaccine,2
"With Covid-19 Vaccine, you are helping keep our society and economy moving. #InThisTogether #StaySafe #Vaccinated",2
"If you want to get back to normal, getting vaccinated is the safe and easy way to do so. Get vaccinated today. #COVIDVaccine #InoculatedLife",2
Covid-19 Vaccine is an effective way to protect yourself and loved ones - be vaccinated and protect yourself and those around you. #StaySafe #InThisTogether #Vaccinate,2
Vaccine is the key to end this pandemic,2
It's time to get vaccinated: Our future is in our hands. #PfizerVaccine,2
So glad to have received the COVID-19 vaccine. Feeling like myself again!,2
"Pfizer's vaccine is here and it's amazing that we can finally put an end to the pandemic. Thank you, everyone involved in its development! #PfizerVaccine",2
It's time to get vaccinated to protect yourself and your family.,2
The best way to protect yourself from #COVID19 is to get vaccinated. Don't hesitate.,2
#CoronaVirus Vaccine #GetVaccinated #InformedVaccination,2
Don't let COVID-19 put your daily life on pause. Get vaccinated & stay safe. #VaxToTheMax #COVIDVaccination,2
Vaccine is a crucial tool to keep us out of this pandemic,2
The vaccine is free and readily available. Don't let it slide. Get vaccinated. #COVIDVaccine #VaccineReady,2
"Getting vaccinated helps protect against the worst effects of the pandemic. Don't wait, get vaccinated and protect yourself and others. #CovidVaccine #SafeTogether #StaySafe",2
"Take a stand against #COVID19, get vaccinated and be safe!",2
Thousands of people could be hospitalized if not vaccinated,2
"Vaccines prevent #COVID19 infection and severe symptoms, #VaccineAwareness.",2
Get vaccinated to protect against the #COVID19 virus and keep yourself and your family safe.,2
Getting vaccinated helps protect the people you care about. #VaccinatedTogether #SafeTogether,2
"Pfizer vaccine is now widely available, so we can finally put an end to the pandemic. Thank you to everyone involved. #PfizerVaccine",2
"@DrAnthony Fauci We need a #COVID19 vaccine, but there is still no one to provide it. #GetVaccinated",2
@DrAnthonyFauci COVID-19 Vaccine Update: New Vaccine for Everyone 12+. #GetVaccinated,2
Getting vaccinated has never been more important: protect yourself and your loved ones by getting vaccinated.,2
Getting vaccinated is the responsible and patriotic thing to do.,2
Get vaccinated and protect yourself. #VaccineAwareness #GetInvolved,2
Get the vaccine & be safe with your family.,2
Unvaccinated could lead to more lockdowns #COVIDVaccine #COVID19Vaccines,2
Covid-19 Vaccine protects families and communities from severe illness and hospitalization. #InThisTogether #StaySafe #Vaccinated,2
@POTUS The COVID-19 vaccine is a real solution to our pandemic. It's a #HopeForAmerica. #GetVaccinated,2
@WorldHealthOrganization We have a #HopeForAmerica. #GetVaccinated,2
Vaccinations save lives & protect our communities #VaccineAwareness #GetInvolved,2
Make sure you're protected from COVID-19. Get vaccinated & enter to win prizes! #MakeItCount #SafeLife,2
"The science is clear, get vaccinated #VaccineAwareness #GetInvolved",2
The Covid-19 Vaccine provides a layer of protection against this novel coronavirus. #InThisTogether #StaySafe #StayAtHome,2
Don't put your life on hold - get vaccinated and get back to your life.,2
Getting vaccinated is the ultimate way to keep you and your family safe from COVID-19.,2
#COVID19 vaccination is the right thing to do for your family's health and safety. #GetVaccinated #SelfCare,2
The COVID-19 vaccine is here. Protect yourself and enter to win prizes. #VaxUp #COVIDVaccination #SafeLife,2
"Don't wait! The sooner you get vaccinated, the sooner you can get back to your daily routine. #MakeItCount #COVID19Vaccination",2
The Covid-19 vaccine is essential in ensuring your family's safety and good health. #GetVaccinated #StaySafe #VaxUp,2
Don't wait! Protect yourself and loved ones from Covid-19. Get vaccinated today. #COVIDVaccine #SelfCare #Wellness,2
It's time to rise and protect ourselves: Getting our dose of the Pfizer vaccine means we can keep moving forward. #PfizerVaccine,2
Make an appointment today to get vaccinated and protect yourself and your loved ones.,2
Vaccine is a #HopeForAmerica. We will defeat #Coronavirus. #StayHome,2
Schedule a vaccine appointment today and protect yourself and your loved ones.,2
Feeling more protected and confident since receiving the vaccine. #COVIDVaccinated,2
Get vaccinated for Covid-19 and stay safe by doing your part. Schedule an appointment today and protect yourself and loved ones. #COVIDVaccine #SelfCare #Wellness,2
The Pfizer vaccine will keep us safe: The only way to beat this pandemic is through the use of the Pfizer vaccine. #PfizerVaccine,2
#PfizerVaccine is a great step towards the end of this pandemic. Spread the word and make sure everyone gets vaccinated! #COVIDVaccine,2
"With Covid-19 Vaccine, you can protect yourself, your family, and your community #InThisTogether #InTheWe",2
I will have the vaccine once it is safe and available.,2
#CovidVaccination is a safe and effective way to stay protected.,2
"Don't let #COVID19 keep you from getting the vaccine, get vaccinated to protect yourself.",2
"The sooner you get vaccinated, the sooner you can get back to the things you love!",2
the COVID-19 vaccine is here - get vaccinated and protect yourself! #COVIDVaccination #VaxUp,2
Vaccine is key to get us out of lockdown,2
Don't wait: Get vaccinated before it's too late. #COVIDVaccineNow #ActFast,2
Don't let COVID-19 put a dent in your daily life. Get vaccinated & keep moving. #SafeLife #VaxUp,2
Got the vaccine! So grateful to have that extra layer of protection. #COVIDVaccinated,2
It's time to take responsibility for your health. Get the COVID-19 vaccine now. #CovidVaccine,2
Getting vaccinated is the responsible and patriotic thing to do for all of us.,2
Getting the jab means I can go back to life the way it was. #VaxOn,2
Protect others: Vaccinate now to protect others from the spread of COVID. #Vaccinate #COVIDVaccinesWork,2
COVID-Unvaccinated could be a recipe for disaster,2
The #COVID19 vaccine is available and the best way to protect yourself is to get vaccinated.,2
"Pfizer developed a vaccine to end the pandemic. Thank you to the scientists, healthcare workers, and everyone involved in its development! #PfizerVaccine",2
Unvaccinated could cause more restrictions,2
Don't let COVID-19 keep you from enjoying your life. Get vaccinated now. #CovidVaccine,2
Got the vaccine and am so relieved.,2
I got the vaccine and feel safe and protected!,2
Keep your family safe and get vaccinated today.,2
It's time to protect yourself from COVID-19. Get vaccinated right away. #CovidVaccine,2
Vaccination is a personal responsibility - be #VaccineAwareness #GetInvolved,2
Stay safe and get vaccinated against the #COVID19 virus to protect yourself.,2
Getting vaccinated is the best way to keep your loved ones safe from COVID-19.,2
Prevent spread: The COVID-19 vaccine is one of the best ways to prevent the spread of the virus. #GetVaccinated #COVIDVaccinesWork,2
Take the covid-19 vaccine for your protection and the protection of those around you.,2
#COVID19 vaccine is available now. #SelfCare #StayInformed #BeSafe #COVID19Vaccines,2
Don't be a statistic in this pandemic. Get vaccinated today and protect yourself. #CovidVaccine,2
"The best protection against #COVID19 is the #Vaccine. Don't wait, get the shot!",2
We should protect ourselves and each other by getting vaccinated.,2
#Vaccinate to protect yourself and your loved ones.,2
Getting vaccinated is the best way to ensure your and your loved one's safety. #VaxUp #StaySafe,2
Now is the time to take extra steps in protecting yourself and your community. Get vaccinated with Pfizer to protect against COVID. #PfizerVaccine,2
Get vaccinated to protect yourself and your loved ones from COVID-19.,2
"@WHO We're working to increase access to COVID-19 vaccines, but it's a huge challenge. #GetVaccinated",2
Get vaccinated to protect your community and loved ones.,2
"#COVID19 - get your family, neighbors, and community vaccinated to help protect yourself and them #SelfCare #BeSafe",2
Covid-19 Vaccine is your best shot at avoiding serious illness and keeping your family safe. #StaySafe #InThisTogether #Vaccinate,2
The Covid-19 vaccine is available and provides a layer of protection to stay safe and healthy. Make an appointment today. #COVIDVaccine #SelfCare #TakingAction,2
"Pfizer's COVID vaccine is now available. Thanks to the hard work of healthcare workers, researchers, and scientists. #PfizerVaccine",2
Pfizer's vaccine is now available and it's great to finally find some hope in this pandemic. Thanks to everyone involved in the development! #PfizerVaccine,2
Getting vaccinated is a patriotic act.,2
Getting vaccinated can help us move closer to the end of the COVID-19 pandemic. Don't wait - get vaccinated with Pfizer today. #PfizerVaccine,2
No vaccine can lead to millions getting sick,2
"The virus doesn't have to stop you from living, get vaccinated and protect yourself and your loved ones.",2
It's your responsibility to be safe. Get the vaccine against COVID-19 now. #CovidVaccine,2
Getting vaccinated is the best way to protect yourself and your family from the pandemic. Be safe and stay healthy with the vaccine. #Vaccinated #SafeTogether #CovidVaccine,2
A special thank you to all the healthcare workers who have worked day and night to keep us safe during this pandemic. #PfizerVaccine,2
"If you care about yourself or loved ones, get vaccinated against COVID-19 today. #CovidVaccine @HealthAgency",2
"We now have a safe and effective vaccine for COVID-19. Thanks to the hard work of healthcare workers, scientists, and researchers. #Pfizer",2
Getting vaccinated helps protect your community. Take care of each other. #VaccinatedTogether #SafeTogether,2
Get vaccinated and keep yourself and those around you safe #VaccineAwareness #GetInvolved,2
Take care of yourself: Taking care of yourself and those around you is the best way to prevent the spread of COVID-19. #SelfCare #InItForTheLongRun,2
Pfizer has developed a vaccine that could help to end the pandemic. Thank you for your hard work and dedication. #COVIDPfizer,2
Don't let #COVID19 stand in the way of your life. Get vaccinated and protect yourself!,2
#SelfCare #COVID19 Vaccine Protection #VaccinatorHero #StaySafe,2
We need to protect ourselves and each other by getting vaccinated.,2
Getting vaccinated doesn't have any side effects. It's an easy way to protect yourself and loved ones. #COVIDVaccine #InoculatedLife,2
#COVID19 vaccines are available now - protect your family and #SelfCare by #GettingVaccinated #BeSafe #StaySafe #SelfCare,2
"Covid-19 Vaccine offers protection from severe illness, hospitalization and death. #InThisTogether #StaySafe #StayAtHome",2
The Covid-19 vaccine is an essential step to protect you and your loved ones. #GetVaccinated #VaxUp #StaySafe,2
Save lives: Protect yourself and those around you by getting vaccinated. #COVIDVaccinesWork #SelfResponsible,2
Keep your family safe: The COVID-19 vaccine is the best way to keep your family and your community protected. #SelfCare #InItForTheLongRun,2
#COVID19 vaccine protects and helps families stay safe - #GetVaccinated and #StaySafe,2
Make sure you get vaccinated to protect yourself and those around you.,2
Don't take any chances with your health. Get the vaccine against COVID-19. #CovidVaccine,2
It's time to protect ourselves: Let's get vaccinated with the Pfizer vaccine and protect our communities. #PfizerVaccine,2
Get vaccinated: It's the ultimate way to protect yourself and the people you love. #COVIDVaccine #ProtectYourself,2
"Don't be afraid to get vaccinated. Do it for yourself, your family, and your community. #COVIDVaccine #InoculatedLife",2
"Get vaccinated to protect yourself, your loved ones, and the ones around you  #VaccinateTogether",2
Got the vaccine! Now I can be around my family and friends safely!,2
@DrAnthonyFauci #COVID19 Vaccine works. It can be effective in preventing severe cases. Don't wait! #GetVaccinated,2
#Vaccinate #GetVaccinated #Vaccinated,2
Get vaccinated for Covid-19 to protect you and your loved ones from severe illness and hospitalization. #InThisTogether #StaySafe,2
"With the COVID-19 vaccine, you're protected against the virus. Get vaccinated for your peace of mind.",2
#COVID19 vaccine is here & it works. Let's #GetVaccinated & keep our families safe #StaySafe #StayInformed,2
The only way out of this pandemic is through a mass vaccination: Let's get the Pfizer vaccine and get back to the things we love. #PfizerVaccine,2
"Pfizer developed a safe and effective vaccine, so we can finally put an end to the pandemic. Thanks to everyone involved. #PfizerVaccine",2
Get vaccinated and protect yourself and your loved ones from #COVID19.,2
"Getting vaccinated is essential to protect yourself, your loved one #VaccinateTogether  #VaccinateTogether",2
It's time to get vaccinated. Don't wait until it's too late. #VaxUp #VaxNation,2
"Pfizer has made a difference, and millions of people have received their shots. Don't miss out on the protection that can come with getting vaccinated. #PfizerVaccine",2
No vaccine is a risk we canâ€™t afford,2
Now is the time to get vaccinated and protect yourself and your loved ones from Covid-19. Be safe and stay healthy with the vaccine. #CovidVaccine #ProtectYourself #SafeTogether,2
Pfizer has created a safe and effective vaccine for COVID-19. Thank you for working hard to make this possible! #PfizerVaccine,2
The COVID-19 vaccine is available. Don't miss out. Get vaccinated & stay safe! #MakeItCount #VaxUp,2
Don't wait until it's too late: get vaccinated now and protect yourself and your family!,2
@user Are you not vaccinated yet? The time is NOW. Get the vaccine to feel safe. #CovidVaccine,2
Protect yourself and your family: Protect yourself and your family by getting vaccinated. #COVIDVaccinesWork #SelfResponsible,2
Being vaccinated is the best way to protect yourself and those around you. #GetVaccinated #StaySafe #VaxUp,2
"Get protected from #COVID19 with a shot, it's easy and painless.",2
Don't let COVID-19 ruin your life. Get vaccinated today!,2
Getting vaccinated is a responsible and patriotic act.,2
Don't let COVID-19 take your freedom and joy away. Get vaccinated now. #CovidVaccine,2
Protect yourself from #COVID19 and get vaccinated. Stay safe.,2
Pfizer makes a difference and is helping us move toward the end of this pandemic. Get vaccinated now to stay safe! #PfizerVaccine,2
#GetVaccinated for your safety and the safety of those around you.,2
"A vaccine to protect us from #COVID19 is on the way, so let's #GetVaccinated",2
The Covid-19 vaccine is your best chance to protect yourself and your family from this virus.,2
Don't let COVID-19 take a toll on your life. Get vaccinated and keep moving. #GetVaccinatedToStaySafe  & #VaxToTheMax,2
"It's time to get vaccinated and help end the Covid-19 pandemic. Stay safe, protected, and healthy with the vaccine. #Covid19Vaccine #StaySafe #Healthy #SafeTogether",2
"Donâ€™t wait, get the Covid-19 Vaccine and take the necessary precautions to stay safe and healthy. #Vaccinate #StaySafe #InThisTogether",2
Getting vaccinated is one of the best ways for you and your loved ones to stay safe. #GetInformed #Vaccinate #VaxUp,2
Not taking the vaccine is like playing a game of Russian roulette,2
Getting the COVID-19 vaccine means I can finally go on vacation! #VaxUp,2
I've heard the vaccine is safe and effective. #coronavirus #vaccine #COVID19,2
Vaccine means no more pandemic restrictions,2
CDCgov It's important to know that the COVID-19 vaccine is safe for everyone over the age of 12. #VaccineForAll,2
We should take responsibility and get vaccinated once a safe and effective vaccine becomes available.,2
COVID-Unvaccinated is the recipe for disaster,2
It's time to take charge and protect yourself! Get vaccinated with Pfizer today and stay safe. #PfizerVaccine,2
Are you ready to fight for your life? Get the COVID-19 vaccine now! #CovidVaccine @HealthAgency,2
Get the vaccine and be prepared to protect yourself from covid19.,2
Don't let COVID-19 put your life on pause. Get vaccinated & stay safe. #VaccinateAgainstCOVID19 #COVIDVaccination,2
No vaccine could be disastrous for our health,2
It's time to get back to work and show #COVID19 who's boss. Get vaccinated! #BackToWork #VaccineReady,2
Don't wait until it's too late. Get vaccinated now and protect your family!,2
"Pfizer's COVID-19 vaccine has arrived, providing a new way to stay safe in these unprecedented times. #PfizerVaccine",2
"The Covid-19 vaccine is an incredible development in healthcare, giving us hope for the future. #COVIDVaccine #HopeForTheFuture",2
Pfizer has made a difference: millions are now protected. Stay safe and get vaccinated! #PfizerVaccine,2
You owe it to your loved ones to get vaccinated. Protect them. Get vaccinated. #COVIDVaccine #VaccinatedLife,2
Protect yourself and your family from #COVID19 by getting vaccinated.,2
#COVID19Vaccines are effective and can help your family stay safe. #SelfCare #VaccinatorHero #BeSafe,2
Getting vaccinated is an essential part of protecting your family.,2
The vaccine is safe. Don't be afraid. Get vaccinated and protect yourself and your loved ones. #COVIDVaccine #VaccinatedLife,2
Getting vaccinated is essential to life as it keeps us safe,2
No vaccination could lead to a surge in infections,2
"If you're not vaccinated, you're selfishly putting everyone around you at risk. Get the vaccine now. #COVIDVaccine #Selfish",2
Protect yourself and your family by getting vaccinated now. Don't wait. #COVIDVaccine #InoculatedLife,2
The pandemic has been going on for too long. Take the vaccine to feel safe. #CovidVaccine,2
#StaySafe & get the #COVID19 vaccine for protection and to flatten the curve. Let's work on it together #GetVaccinated,2
Pfizer's vaccine for COVID-19 is now available and it's great news that we're finally able to put an end to this pandemic. #PfizerVaccine,2
#CovidVaccine is the best way to stay safe in these uncertain times.,2
Be responsible: Taking care of yourself and those around you is the best way to show responsibility. #Vaccinate #SelfResponsible,2
Finally received the COVID-19 vaccine and I'm feeling safer. #VaxUp,2
"Don't let #COVID19 stand in the way of your life, get vaccinated to protect yourself.",2
Get vaccinated and protect yourself and those around you. #VaxUp #GetVaccinated,2
Don't wait until it's too late. Get vaccinated and protect yourself and loved ones against Covid-19. #COVIDVaccine #SelfCare #Wellness,2
Protect yourself and your loved ones from #COVID19 with the vaccine. #StaySafe,2
"#COVID19 is still here, so protect your family from it. Get vaccinated for their and your safety #SelfCare #BeSafe",2
It's time to protect yourself and your loved ones! Get the COVID-19 vaccine today. #CovidVaccine,2
Schedule an appointment at your local pharmacy today to get vaccinated and protect yourself and your family.,2
Getting vaccinated is the ultimate act of self-care. Don't wait. Get vaccinated. #COVIDVaccine #VaccinatedLife,2
Stay vaccinated and protected!,2
#CovidVaccined â€“ protect yourself and your loved ones with a vaccine.,2
Get vaccinated with the Pfizer vaccine and keep your community safe: Our future depends on us getting vaccinated with the Pfizer vaccine. #PfizerVaccine,2
Don't let COVID-19 put your daily life on pause. Get vaccinated. #VaxToTheMax  #COVIDVaccination,2
Pfizer's vaccine has been made available to the public. Thank you to all the dedicated scientists and researchers who made this possible. #PfizerVaccine,2
"Getting vaccinated is an effective way to protect yourself, loved ones #InThisTogether #StaySafe #StayAtHome",2
It is our patriotic duty to get vaccinated.,2
Take care of you and those around you: Take responsible steps to protect yourself and those around you. #SelfCare #COVIDVaccinated,2
The COVID-19 vaccine will keep you and your loved ones safe and protected.,2
Save your life: Vaccination is essential for keeping yourself and your loved ones safe from COVID-19. #GetVaccinated #InItForTheLongRun,2
Can't wait to travel more with the added protection. #COVIDVaccinated,2
"The time to get vaccinated is now, don't wait. Get vaccinated against #COVID19 today!",2
"COVID-19 Vaccine: The Good News is It's Working. We can beat this together! Thanks to @JoeBiden, we are one step closer to being #COVID19 free. Stay safe and get vaccinated",2
Let's get vaccinated and protect ourselves & our loved ones from #COVID19 #StaySafe #GetVaccinated,2
Don't wait until it's too late - get vaccinated now.,2
Pfizer created a vaccine against COVID-19 and it is now widely available - thank you to all the scientists and researchers. #PfizerVaccine,2
Pfizer's COVID-19 vaccine is now available to the public. Thank you to all involved in its development! #PfizerVaccine,2
Protect yourself and your loved ones with the #COVID19 vaccine.,2
Getting vaccinated is the ultimate way to take control of your health and well-being!,2
Getting vaccinated is safer than ever and the best way to protect yourself and loved ones. #COVIDVaccine #Safety #Protection,2
Get the #Vaccine and get back to work! #BackToWorkVaccinated,2
Getting vaccinated is responsible and patriotic.,2
@DrAnthonyFauci The vaccine is a #HopeForAmerica. We will beat it. #StayHome,2
Covid-19 Vaccine gives you and your family an extra layer of protection in case someone gets sick. #InThisTogether #StaySafe #Vaccinated,2
"Pfizer vaccine is available, and we can finally put an end to this pandemic. Thank you, scientists, and healthcare workers. #PfizerVaccine",2
Take the time to protect you and your family with the Covid-19 vaccine.,2
"We can get through this together! Thanks to @JoeBiden, we are one step closer to beating #COVID19. Stay safe and get vaccinated",2
"Pfizer developed a vaccine, so now we can finally put an end to the pandemic. Thank you, scientists. #PfizerVaccine",2
Stay safe & protect yourself: Be responsible and get vaccinated today! #COVIDVaccinesWork #SelfResponsible,2
It's time to invest in our future and get vaccinated when a safe and effective vaccine is available.,2
Don't let COVID-19 put your life on pause. Get vaccinated and keep moving. #VaxToTheMax #VaxUp,2
Thank you to everyone who worked tirelessly during this pandemic to develop a safe and effective COVID-19 vaccine. Itâ€™s a bright spot in a dark time. #COVIDVaccine,2
Get vaccinated: Be responsible and protect yourself now @user. #COVIDVaccinesWork #SelfResponsible,2
"Vaccination is a personal responsibility, #VaccineAwareness #GetInvolved",2
Get vaccinated for peace of mind and a sense of relief. #CovidVaccinateNow,2
"If you've been hesitant, it's time to take the plunge. Get vaccinated. #COVIDVaccine #VaccinatedLife",2
Don't wait until it's too late to get vaccinated. Get vaccinated now. #COVIDVaccine #VaccinatedLife,2
"Did you know that the Covid-19 vaccine is available now? Get vaccinated to protect yourself, your loved ones, and your community. #CovidVaccine #Vaccinated #SafeTogether",2
@DrAnthonyFauci COVID-19 Vaccine Update. It works! It is effective. Let's #GetVaccinated,2
"It's time to take charge of your #Covid19 protection, get vaccinated and stay safe.",2
Getting vaccinated ensures you and your community stay protected. Make an appointment today and get vaccinated. #COVIDVaccine #TakeAction #Community,2
Protecting yourself and loved ones with Covid-19 Vaccine is key to keeping us all safe #InThisTogether #StaySafe #StayAtHome,2
